trial_number,alignment,max_group_uniformity,min_group_rank,min_group_alignment,uniformity,effective_rank,uniformity_avg,effective_rank_avg,weight_entropy_ratio,tau,sigma_scale,feasible,group_Prosody_alignment,group_Prosody_uniformity,group_Prosody_effective_rank,group_Prosody_entropy_ratio,group_Vocal_Tract_alignment,group_Vocal_Tract_uniformity,group_Vocal_Tract_effective_rank,group_Vocal_Tract_entropy_ratio,group_Timbre_alignment,group_Timbre_uniformity,group_Timbre_effective_rank,group_Timbre_entropy_ratio,group_Voice_Quality_alignment,group_Voice_Quality_uniformity,group_Voice_Quality_effective_rank,group_Voice_Quality_entropy_ratio,group_Scene_alignment,group_Scene_uniformity,group_Scene_effective_rank,group_Scene_entropy_ratio,mult_Prosody,mult_Vocal_Tract,mult_Timbre,mult_Voice_Quality,mult_Scene
0,0.9831064891815186,-0.012340708449482918,1.6340292119979858,0.9300031459331513,-0.012340708449482918,1.6340292119979858,-0.07900854431651533,1.953347327232361,0.9656695530102255,0.23730684991589224,,False,0.9967372238636016,-0.012852749563753605,1.6393133807182312,0.9984522783810321,0.9968467223644256,-0.012340708449482918,1.6340292119979858,0.995293750987402,0.9951457309722901,-0.019330697199329734,1.7156485962867736,0.9980979986272842,0.9967996227741241,-0.012542174756526947,1.6363958311080933,0.8975444375504202,0.9300031459331513,-0.3379763916134834,3.14134961605072,0.9389592995049888,2.87678576602479,2.3299848545285125,1.9966462104925915,0.8900466011060912,0.8899863008405067
1,0.9985805397033691,-0.004706387354526669,1.5008177518844605,0.9982433545589448,-0.004706387354526669,1.5008177518844605,-0.00580199345899746,1.5181144113540652,0.9590322968885464,0.10439511711064378,,False,0.9988161957263947,-0.004706387354526669,1.5009065318107604,0.9978334552583762,0.998805820941925,-0.004750062660314143,1.5008177518844605,0.9920853639084564,0.9982895815372467,-0.0071175154764205216,1.5383848428726197,0.9988333927320473,0.9987477457523346,-0.005082834106869996,1.5082076120376586,0.8076640026220447,0.9982433545589448,-0.0073531676968559626,1.5422553181648255,0.998745269921807,2.665440364437338,2.002787529358022,2.2701814444901136,0.5514612357395061,2.9247746304049858
2,0.9572655384540557,-0.09702972240746022,2.436366891860962,0.9095186245441437,-0.09702972240746022,2.436366891860962,-0.16978994726389648,2.838736358165741,0.960366148548734,0.42962590913617715,,False,0.9697335743904114,-0.13420277696102859,2.5617347073554995,0.9551170900163455,0.9748024833202362,-0.09702972240746022,2.436366891860962,0.9350771057706271,0.9095186245441437,-0.35781451970338823,3.704168930053711,0.9720798908239,0.9737354469299316,-0.09791503436863422,2.5311681509017943,0.9468717169059705,0.958537563085556,-0.1619876828789711,2.960243110656738,0.9926849392268278,1.0308477766956905,0.9545624180177515,0.9585112746335845,1.2606056073988443,1.8118910790805947
3,0.9583021211624145,-0.057121987752616406,2.224226002693176,0.9210749077796936,-0.057121987752616406,2.224226002693176,-0.18384830682724712,2.981981714248657,0.9702080595812332,0.2614169078296886,,False,0.9593074643611907,-0.19372576862573623,2.6545531868934633,0.972239803892921,0.9852103567123414,-0.057507029920816424,2.224226002693176,0.9928331026645442,0.9210749077796936,-0.35811259746551516,4.157760224342346,0.9572372879095572,0.9854146647453308,-0.057121987752616406,2.2376066565513613,0.9453424084199284,0.9405032122135162,-0.2527741503715515,3.6357625007629393,0.9833876950192147,1.2280728504951048,2.0296322368059485,0.8487346516301046,1.2303616213380453,1.4159046082342293
4,0.9677592780590056,-0.033388209454715254,2.2823366689682008,0.8749169969558716,-0.033388209454715254,2.2823366689682008,-0.16600570881366727,2.7896987972259524,0.9547056936348559,0.2715493933711551,,False,0.9915480422973633,-0.033388209454715254,2.2823366689682008,0.9971902535785359,0.9914305853843689,-0.0343781753629446,2.2909452152252197,0.9444929292967782,0.989552229642868,-0.04348544735461474,2.3703824996948244,0.9969497665122562,0.9913485360145569,-0.03389865048229694,2.2877731370925902,0.9840315757354418,0.8749169969558716,-0.684878061413765,4.717056465148926,0.8508639430512683,2.462939903482534,0.9991844553958993,1.785586096034029,1.9810364221551062,0.6161260317999944
5,0.9710153667926789,-0.03659885739907622,2.191041121482849,0.9174125361442566,-0.03659885739907622,2.191041121482849,-0.12846399608626963,2.5019690132141115,0.9598760037420476,0.3351688377986041,,False,0.9174125361442566,-0.4012753111124039,3.2467833614349364,0.9375313343223595,0.9690798687934875,-0.11636754006147385,2.5563556814193724,0.869065192287798,0.9892458558082581,-0.04240553177893162,2.264670009613037,0.999511540616701,0.9905641388893127,-0.03659885739907622,2.191041121482849,0.9956001759395384,0.9887744343280792,-0.04567274007946253,2.2509948921203615,0.9976717755438412,0.9263103092182288,0.6626289824631988,2.8722138431333333,2.9140800826863984,2.5209933702911527
6,0.9916805691719057,-0.008122129142284393,1.8272651791572572,0.9785508751869202,-0.008122129142284393,1.8272651791572572,-0.03475718292407692,2.2335131273269657,0.9537970214137127,0.20793778305281568,,False,0.9979142904281616,-0.008554970370605588,1.8390455532073975,0.9024200592164158,0.9979667282104492,-0.008122129142284393,1.8272651791572572,0.9950231308182893,0.9862505292892456,-0.05674351990222931,2.694431252479553,0.9958150667867744,0.9977204227447509,-0.00911151284351945,1.8475527024269105,0.8838562528876777,0.9785508751869202,-0.09125378236174583,2.9592709493637086,0.9918705973594062,0.7441802850159597,2.210582566280392,1.6003812343490034,0.8050955871119471,1.7379422752781755
7,0.9976946518421174,-0.0027039036201313136,1.519510998725891,0.9934768438339233,-0.0027039036201313136,1.519510998725891,-0.009949612188152969,1.5979565296173097,0.9806371200265943,0.09444317886839172,,False,0.9992955982685089,-0.002822155782487243,1.5202887487411498,0.9983110871508232,0.9993272387981414,-0.0027039036201313136,1.519510998725891,0.962413561567495,0.9974305999279022,-0.010714593692682683,1.629478120803833,0.9986486971367373,0.9989429783821105,-0.0043414952582679685,1.548762984275818,0.9508393092486628,0.9934768438339233,-0.029165912587195635,1.771741795539856,0.9929729450292529,2.7733010051969553,1.1469499540000423,2.156305710884955,1.2792776902235274,1.800170052944527
8,0.9955267052650452,-0.006235061511397362,1.7834600758552552,0.9901520907878876,-0.006235061511397362,1.7834600758552552,-0.017937913427129387,1.963238669872284,0.9871120975006271,0.30961831732417744,,False,0.9981536960601807,-0.007494666008278727,1.8196566772460938,0.9449972922046709,0.9984363150596619,-0.006235061511397362,1.7834600758552552,0.9976641150926739,0.9925887894630432,-0.029441140852868558,2.1412368535995485,0.9991500561718013,0.9983026349544525,-0.0068124056048691276,1.8012242126464844,0.9953934381325769,0.9901520907878876,-0.039706293158233166,2.2706155300140383,0.9983555859014125,0.9621361388138177,2.9239615694113965,2.4378320584027864,2.848747353910473,2.737068376069122
9,0.9694191641807557,-0.008580813519656658,1.7394423508644103,0.9244993376731873,-0.008580813519656658,1.7394423508644103,-0.12624054107628763,2.5679253125190735,0.9322599587412194,0.33111799110065576,,False,0.9978485381603241,-0.008580813519656658,1.7394423508644103,0.9982817297607438,0.9976831984519958,-0.009144357787445188,1.7532534217834472,0.8866352725994378,0.929321209192276,-0.29599855303764344,3.84138662815094,0.9750769847975488,0.9977435374259949,-0.008932825643569231,1.7518396282196045,0.8222411425910849,0.9244993376731873,-0.30854615539312363,3.753704533576965,0.9790646639572812,2.804685587557792,0.7212312551297988,0.989957156047863,0.6130682222763452,1.313325826908161
10,0.9282258374691008,-0.05980199184268713,2.158945848941803,0.742277706861496,-0.05980199184268713,2.158945848941803,-0.3014032024666667,2.8984480071067806,0.9621956143659743,0.4907583511141041,,False,0.9663961553573608,-0.13503613248467444,2.338801050186157,0.9897398502331117,0.9814462828636169,-0.0727477391064167,2.179720301628113,0.9781266960347876,0.742277706861496,-1.1109916281700134,5.194325351715088,0.8612618016595788,0.9844574999809265,-0.05980199184268713,2.158945848941803,0.9853170537641823,0.9665515422821045,-0.1284385207295418,2.620447483062744,0.9965326701382112,1.6833183036366712,1.4218219318027434,0.544904689037049,2.014679308582511,2.225617683922863
11,0.9437764053344726,-0.06275050513446331,3.054093461036682,0.9077308881282806,-0.06275050513446331,3.054093461036682,-0.22147242444008586,3.834991485595703,0.9813716700546015,0.43893556267976425,,False,0.9363478767871857,-0.26363122746348383,3.8977031183242796,0.9832042792348568,0.9827520978450776,-0.06572543192654848,3.054093461036682,0.9856020395810515,0.9077308881282806,-0.3640416306257248,4.513737411499023,0.9879791526174599,0.9835898363590241,-0.06275050513446331,3.055758399963379,0.9623582327619958,0.9084613275527954,-0.351213327050209,4.653665037155151,0.9877146460776443,1.481132230256581,1.6665189465205594,1.1914749910988909,1.4577103514615026,1.5180626749512423
12,0.9803342778682709,-0.009168890900909901,1.8105781960487366,0.9544679069519043,-0.009168890900909901,1.8105781960487366,-0.07561777636036277,2.439683985710144,0.9851564542929563,0.46719348793221566,,False,0.9976543974876404,-0.009338314477354288,1.8186404728889465,0.9871016281406382,0.9976938378810882,-0.009168890900909901,1.8105781960487366,0.9858373981962494,0.9547169661521911,-0.17456964105367662,3.3429420375823975,0.9902752968947784,0.9971382808685303,-0.011334676146507263,1.8756122255325318,0.9679867780297085,0.9544679069519043,-0.17367735922336577,3.350646996498108,0.9945811702034071,1.5858906793910281,1.6817850166448718,1.3109426148289316,1.5291294517457703,1.9792090898251495
13,0.963337022304535,-0.039366890881210564,2.3839031505584716,0.9103856766223908,-0.039366890881210564,2.3839031505584716,-0.14372717009112237,2.9708934431076046,0.9840871199911302,0.4190480763977917,,False,0.9864236032962799,-0.054650712590664625,2.409579257965088,0.9950266111674974,0.989826203584671,-0.03963298572227359,2.3839031505584716,0.9784928911507549,0.9401777505874633,-0.2376505845785141,3.572074089050293,0.9905812891050821,0.9898718774318696,-0.039366890881210564,2.4010692501068114,0.9748446058860876,0.9103856766223908,-0.34733467668294904,4.087841467857361,0.9814902026462294,2.114641101758103,1.453374522643851,1.2943608817818242,1.6717630472196054,1.3456515894881724
14,0.9247300930023192,-0.03624437049031257,2.16600291967392,0.7593077528476715,-0.03624437049031257,2.16600291967392,-0.3329070186875761,3.402381320476532,0.9570998983623856,0.40420808519963,,False,0.9154760861396789,-0.3500474560260773,3.5129553699493408,0.9756349685617924,0.9737446963787079,-0.10536754973232747,2.6739770698547365,0.9487789079901917,0.7593077528476715,-1.112711569070816,6.263452186584472,0.8727446142480594,0.9907368111610413,-0.03624437049031257,2.16600291967392,0.99185389076248,0.9843851184844971,-0.06016414811834693,2.3955190563201905,0.9964871102494043,1.3268572104624103,1.020240280986462,0.5718965350477705,2.438146618283592,2.213397898770042
15,0.9046265623569488,-0.036106249466538426,2.176562740802765,0.7515835869312286,-0.036106249466538426,2.176562740802765,-0.43521515731513505,3.723367218017578,0.9390682779395678,0.3869948917618009,,False,0.7515835869312286,-1.2618214857578278,5.97968204498291,0.8125368413897648,0.9904138219356536,-0.036106249466538426,2.176562740802765,0.9965595714882078,0.9107556676864624,-0.35479252129793165,3.774971351623535,0.9866269080482892,0.9905330908298492,-0.03650811806321144,2.181935203075409,0.9395632747489632,0.8798466444015502,-0.48684741199016573,4.503684749603272,0.9600547940226134,0.5362696584446922,2.536959297512244,1.193015744459285,1.1802504951606483,1.0599343147617124
16,0.9824355764389037,-0.003978527272120118,1.5561216139793397,0.9459875857830048,-0.003978527272120118,1.5561216139793397,-0.06781533538363874,2.081537668704987,0.9904975857858999,0.4454931977060132,,False,0.9989792764186859,-0.004075259556993842,1.5561216139793397,0.993685143711417,0.9989659309387207,-0.004084286270663142,1.560308771133423,0.9859361715195755,0.9692483210563659,-0.11923544615507126,2.6766019535064696,0.9949800384786565,0.9989967679977417,-0.003978527272120118,1.556891589164734,0.9870303638473295,0.9459875857830048,-0.20770315766334535,3.0577644157409667,0.9908562113725217,1.9477118507590934,1.643362466814457,1.5400786672934945,2.077710858847413,1.6694540828182391
17,0.9576220576763153,-0.03220506390556693,2.3707014656066896,0.8864556527137757,-0.03220506390556693,2.3707014656066896,-0.17365305533260103,3.2232288537025453,0.9720597667174041,0.36491447897460483,,False,0.9906626307964325,-0.037789066322147846,2.4937859773635864,0.9750408646654235,0.9918988287448883,-0.03220506390556693,2.3707014656066896,0.9714559588156174,0.8864556527137757,-0.47473981976509094,4.927791242599487,0.9622072841241855,0.9907079589366913,-0.036741733569651845,2.482296884059906,0.9649926246288858,0.9283852171897888,-0.2867895931005478,3.841568698883057,0.9866021013529084,1.2898188188308897,1.3021254465495427,0.8746351841761814,1.4883266978717995,1.5251564574775154
18,0.97026864027977,-0.02035993555560708,1.8267466878890992,0.8947961604595185,-0.02035993555560708,1.8267466878890992,-0.11705763129889965,2.423777458190918,0.963375252028969,0.43739542761265626,,False,0.9948011648654937,-0.02035993555560708,1.8267466878890992,0.9951380513967045,0.9946781706809997,-0.021089560352265835,1.8320671319961548,0.9292354098302822,0.8947961604595185,-0.4166393610835075,4.114274544715881,0.9754438923262676,0.9933976030349732,-0.026340245101600886,1.8934234762191773,0.9212286938406709,0.9736701023578643,-0.10085905440151692,2.4523754501342774,0.9958302127509208,2.101069646191561,0.9042165270980985,1.0024334322745996,1.0532591884968354,2.0846671749857646
19,0.9509851939678191,-0.0817489168420434,2.343967840671539,0.8656263315677643,-0.0817489168420434,2.343967840671539,-0.18781485968083145,2.8920946516990664,0.946260478274479,0.4908794051690766,,False,0.9708402585983277,-0.11672693260014057,2.355644233226776,0.9856864311438933,0.97592564702034,-0.0961787910759449,2.3670381236076357,0.7979845541524709,0.9646159565448761,-0.13574553221464158,2.9983074855804444,0.9952364679382002,0.9779177761077881,-0.0817489168420434,2.343967840671539,0.990417887630489,0.8656263315677643,-0.5086741256713867,4.395515575408935,0.9619770505073418,1.5342369562212745,0.5084141889295717,1.5816345811786443,2.3036749784136203,1.0491215697714007
20,0.9379986615180969,-0.04866345090791583,2.272554259300232,0.8290850687026977,-0.04866345090791583,2.272554259300232,-0.26667089175060393,3.1064425482749938,0.9705669024594983,0.36283083955210216,,False,0.9075506317615509,-0.4080286434292793,3.237389631271362,0.9494114695151282,0.985965176820755,-0.05421432949602604,2.3000480914115906,0.9892061598587774,0.8290850687026977,-0.7432525110244751,5.142620115280152,0.9392550117949467,0.9874043130874633,-0.04866345090791583,2.272554259300232,0.9774179592872859,0.9799881172180176,-0.07919552389532328,2.5796006441116335,0.9975439118413536,1.0079373200705464,1.8029504841224906,0.7446621220168803,1.7317024992712944,2.448608104438929
21,0.973508833169937,-0.008980444897897542,1.8089052438735962,0.9245973896980285,-0.008980444897897542,1.8089052438735962,-0.10362257891241461,2.432245537281036,0.9811383616689271,0.4149270459260025,,False,0.9976859474182129,-0.00932967871427536,1.8170509672164916,0.9950945769552405,0.997761663198471,-0.008980444897897542,1.8089052438735962,0.9785322902229907,0.9498989641666412,-0.19478634431958197,3.2452287530899047,0.9886387202251241,0.9976002013683319,-0.009455142505466939,1.8185556244850158,0.9688446104513214,0.9245973896980285,-0.2955612841248512,3.4714870977401735,0.974581610489959,2.1403091496088322,1.4433603783680051,1.240309741059828,1.5446750113387577,1.2207908533183873
22,0.9803511593341827,-0.008591558183543384,1.7400458002090453,0.9476484107971191,-0.008591558183543384,1.7400458002090453,-0.07689259646646679,2.258359179496765,0.9852445775635601,0.4352167533897105,,False,0.9971813392639161,-0.011273997155949473,1.8071057438850402,0.9931897394801895,0.9978237628936768,-0.008591558183543384,1.7400458002090453,0.9729946909456132,0.9616029441356659,-0.1494182276725769,2.886499061584473,0.9925440104039005,0.9974993395805359,-0.009886964452452957,1.7670871424674988,0.9783171197048361,0.9476484107971191,-0.2052922348678112,3.0910581493377687,0.9891773272832607,1.9061680853170428,1.3359383854026141,1.3917599242701775,1.7570175703058706,1.5752435877501905
23,0.9287562997341157,-0.06423385567963123,2.555817837715149,0.8122387886047363,-0.06423385567963123,2.555817837715149,-0.31261634622514245,3.5566803398132323,0.9575794953170806,0.38472804587213016,,False,0.9717588424682617,-0.11289982415735722,2.906361904144287,0.9965227239815126,0.9836873912811279,-0.06423385567963123,2.555817837715149,0.9825628925387138,0.8935198545455932,-0.43218339145183565,4.3561532688140865,0.9806924822084585,0.9825766217708588,-0.06831366844475269,2.6410786962509154,0.9590968935049033,0.8122387886047363,-0.8854509913921356,5.3239899921417235,0.8690224843518145,2.3179667158722665,1.562187560609582,1.0651575201508838,1.4062595608753998,0.6518866575929505
24,0.9407762377262116,-0.03973508641123771,2.2105605101585386,0.8234138679504395,-0.03973508641123771,2.2105605101585386,-0.26915402641892433,2.9760919098854064,0.9534916014354282,0.3818982888111196,,False,0.9896553003787995,-0.04128643877804279,2.2143922877311706,0.9968509172289275,0.9896868216991425,-0.04030294321477413,2.211950662136078,0.9898679487210618,0.9113357675075531,-0.35576252579689027,3.5150284957885742,0.9833960897504065,0.9897894310951233,-0.03973508641123771,2.2105605101585386,0.956716469302929,0.8234138679504395,-0.8686831378936768,4.728527593612671,0.8406265821738168,2.3637675501262683,1.82649225588173,1.122722847801743,1.352805258516829,0.5993256127689431
25,0.8969167041778563,-0.09443954966962337,2.9206474733352663,0.7896895051002503,-0.09443954966962337,2.9206474733352663,-0.4111642551869154,3.848011296272278,0.9502787265014224,0.4570300109306918,,False,0.9148773932456971,-0.3368966636061668,3.582690806388855,0.9842828882529951,0.9732722961902618,-0.10342156380414963,2.9345863962173464,0.9684796870899426,0.7896895051002503,-0.8545104706287384,5.109771432876587,0.9341615126725233,0.9757082307338715,-0.09443954966962337,2.9206474733352663,0.9160898868785402,0.8310360956192017,-0.6665530282258988,4.692360372543335,0.9483796576131112,1.466572830972469,1.2284854432448526,0.7283647292694322,0.9866144086405896,0.9624741196321329
26,0.905872686624527,-0.02167916242033243,1.9648527359962464,0.777647374868393,-0.02167916242033243,1.9648527359962464,-0.3763980615995824,3.0971274490356446,0.9459594851530708,0.47556254582872715,,False,0.9773252284526825,-0.0869443066418171,2.4670305848121643,0.9849097217031936,0.9944859325885773,-0.02167916242033243,1.9772509050369262,0.9844206866030898,0.777647374868393,-0.8976363897323608,4.532447366714478,0.9267681944199306,0.9942205262184143,-0.022713653091341258,1.9648527359962464,0.9158326068971496,0.7856843709945679,-0.8530167961120605,4.544055652618408,0.917866216141991,1.4893053389291928,1.5867134963980953,0.7052828550528718,0.9989750534087578,0.8049143165234055
27,0.9566785323619843,-0.021488167215138673,2.126381275653839,0.8179082715511322,-0.021488167215138673,2.126381275653839,-0.17828504692018032,2.6570878190994263,0.9473364669027109,0.45677944475977617,,False,0.9945745694637299,-0.021488167215138673,2.126381275653839,0.9915709351493159,0.9943521809577942,-0.022297541834414004,2.126766541004181,0.9643336232685132,0.9828062057495117,-0.06621066935360431,2.3996764087677,0.9970201561146265,0.9937514340877533,-0.02455996746197343,2.15009156703949,0.8718659169948344,0.8179082715511322,-0.7568688887357712,4.482523303031922,0.9118917029862652,1.810114843146097,1.1969091541636332,1.793220453975848,0.7641776026493512,0.7770714363007967
28,0.9797272927761078,-0.013449943144805729,1.643986825942993,0.9503744173049927,-0.013449943144805729,1.643986825942993,-0.10101229541748763,2.3224793076515198,0.9602028941603278,0.1591761248906731,,False,0.996701467037201,-0.013568937540985643,1.6466506767272948,0.9965326218000277,0.9966342973709107,-0.013449943144805729,1.643986825942993,0.9906885469305121,0.9503744173049927,-0.2611891582608223,3.4854953193664553,0.9247860872077324,0.9965314555168152,-0.013767303498461843,1.6575836968421935,0.9256530072078334,0.9583948266506195,-0.20308613464236258,3.178680019378662,0.9633542076555334,2.299254565077997,1.8734234003033585,0.7002454492318951,1.0621762975909563,1.0840354350932246
29,0.9542345976829529,-0.021390663031488656,2.3927895855903625,0.873145033121109,-0.021390663031488656,2.3927895855903625,-0.19794066821038722,3.0596786446571347,0.9625726146772144,0.33230819281960533,,False,0.9944263577461243,-0.022013548128306866,2.4090363574028015,0.9986681498028469,0.9945943534374238,-0.021390663031488656,2.3927895855903625,0.9961364512557783,0.9149403107166291,-0.35624263167381287,3.7121915197372437,0.9813815338062065,0.9940669333934784,-0.02348405735567212,2.4664424777030947,0.8957164589379574,0.873145033121109,-0.5665724408626557,4.317933282852173,0.940960479583284,2.9936745712024337,2.5335436438974757,1.0817178549711821,0.890289363993561,0.9090019176781791
30,0.9348002014160157,-0.04746411010622978,2.0688161993026735,0.7757746350765228,-0.04746411010622978,2.0688161993026735,-0.2621529545262456,2.8573147544860844,0.9595183518245497,0.4997032603751846,,False,0.9876227700710296,-0.04822979733347893,2.0688161993026735,0.9975895753119822,0.9878305947780609,-0.04746411010622978,2.09359393119812,0.9946526531694505,0.9358095562458039,-0.24450398862361908,3.2680823612213135,0.9939103950426381,0.9869634509086609,-0.05054445926100016,2.147172908782959,0.9610629259692877,0.7757746350765228,-0.9200224173069,4.708908371925354,0.8503762096293902,2.575566501006809,2.252516157279063,1.4563492290725581,1.4099356102655058,0.6006428071533313
31,0.9602768034934998,-0.04133180271834135,2.2494917273521424,0.8714183902740479,-0.04133180271834135,2.2494917273521424,-0.1628569567576051,2.978707233428955,0.956179366022661,0.3899505699534823,,False,0.9887821197509765,-0.04390901263803244,2.270984933376312,0.9640723807069892,0.9897229838371276,-0.04133180271834135,2.2494917273521424,0.9193931606606809,0.8714183902740479,-0.5371436554193497,5.208169012069702,0.9663937609687936,0.9859563338756562,-0.05574449565261602,2.332856731414795,0.9376415108533422,0.9655041897296905,-0.1361558173596859,2.8320337629318235,0.9933960169234993,1.131129849248322,0.8625155189043722,0.9088642986236145,1.1400295424715061,1.8483396156285783
32,0.9136103281974792,-0.09048901297152043,2.7561177110671995,0.8253546810150146,-0.09048901297152043,2.7561177110671995,-0.35399988348037004,3.5652686948776244,0.9441085769780178,0.4175211396407398,,False,0.9658759510517121,-0.14535880848765373,2.9097360706329347,0.9814771536385173,0.9680318641662597,-0.12127807389944792,2.856113862991333,0.9630961508104801,0.8253546810150146,-0.7213131749629974,4.689940366744995,0.9411491653805468,0.9758219039440155,-0.09048901297152043,2.7561177110671995,0.8992754601250728,0.8329672408103943,-0.6915603470802307,4.61443546295166,0.9355449549354717,1.4046090811298384,1.1683281118044242,0.7620705834852598,0.8933621043480591,0.8765077812349841
