trial_number,alignment,max_group_uniformity,min_group_rank,min_group_alignment,uniformity,effective_rank,uniformity_avg,effective_rank_avg,weight_entropy_ratio,tau,sigma_scale,feasible,group_Prosody_alignment,group_Prosody_uniformity,group_Prosody_effective_rank,group_Prosody_entropy_ratio,group_Vocal_Tract_alignment,group_Vocal_Tract_uniformity,group_Vocal_Tract_effective_rank,group_Vocal_Tract_entropy_ratio,group_Timbre_alignment,group_Timbre_uniformity,group_Timbre_effective_rank,group_Timbre_entropy_ratio,group_Voice_Quality_alignment,group_Voice_Quality_uniformity,group_Voice_Quality_effective_rank,group_Voice_Quality_entropy_ratio,group_Scene_alignment,group_Scene_uniformity,group_Scene_effective_rank,group_Scene_entropy_ratio,alpha_mult_Prosody,alpha_mult_Vocal_Tract,alpha_mult_Timbre,alpha_mult_Voice_Quality,alpha_mult_Scene
0,0.9178621559143066,-0.05637309603393078,2.366110529899597,0.8147169613838195,-0.05637309603393078,2.366110529899597,-0.38368473009765147,3.4692949972152705,0.8269075734024,0.40581311290499433,,False,0.9846355986595153,-0.05929195508360863,2.39722366809845,0.8706414072263285,0.9840834188461304,-0.05637309603393078,2.366110529899597,0.9278002641255928,0.8147169613838195,-0.802842298746109,5.043239459991455,0.8557910494862702,0.9823894906044006,-0.059918670505285265,2.42476722240448,0.8599941420059836,0.8234853100776672,-0.9399976301193237,5.115134105682373,0.6203110041678248,2.1408571676918995,2.7443897010793887,1.5986584841970366,2.812037280884873,0.9559945203362027
1,0.9911303544044496,-0.007311801202595234,1.516154146194458,0.9804927372932434,-0.007311801202595234,1.516154146194458,-0.0581295372582972,1.764400555610657,0.8675545570722027,0.10517943155978948,,False,0.9978679180145263,-0.008594977110624314,1.553350419998169,0.8603977842523026,0.9981577014923095,-0.007311801202595234,1.516154146194458,0.9102372411887358,0.9809846925735474,-0.12431484028697014,2.1011148643493653,0.8832394242905434,0.9981487226486206,-0.007445532064884901,1.5224978160858154,0.8291016992530104,0.9804927372932434,-0.14298053562641144,2.128885531425476,0.8547966363764218,2.039411374929922,2.521895519963455,1.7080725777960455,2.541168988591605,1.7699098521619945
2,0.7775434060096741,-0.35667401790618897,3.2749722671508787,0.6815817141532898,-0.35667401790618897,3.2749722671508787,-0.8789114358425141,4.2828883342742925,0.7749706016106096,0.8408205087604007,,True,0.7577997660636902,-1.0315060830116272,4.350707130432129,0.6963837267657966,0.8634002923965454,-0.4112871015071869,3.428795156478882,0.8336899458147837,0.6815817141532898,-1.4031239414215089,5.34698091506958,0.7302443250332624,0.8815508580207825,-0.35667401790618897,3.2749722671508787,0.8690701722716021,0.7033843994140625,-1.1919660353660584,5.01298620223999,0.745464838167603,1.2548069328139313,1.8091024442520711,1.1834045098534338,3.1084844859190754,1.3247564316322378
3,0.9133506817817688,-0.004632325330749154,1.490437731742859,0.7776374125480652,-0.004632325330749154,1.490437731742859,-0.38907868484966457,2.8383082923889162,0.7921894796995143,0.46034776771000996,,False,0.9988360285758973,-0.004780729245394469,1.4959993934631348,0.7407875388610127,0.9987736988067627,-0.0049812766164541245,1.5038462686538696,0.9133438694860732,0.7926467537879944,-0.9728508639335632,4.947641735076904,0.7279923572519768,0.9988595151901245,-0.004632325330749154,1.490437731742859,0.8685976020775072,0.7776374125480652,-0.9581482291221619,4.7536163330078125,0.7102260308210013,1.3494749682376503,2.5401499210280454,1.139493860652042,3.0842892970704363,1.1663618432936917
4,0.9011902246475221,-0.03278939723968506,1.9818056726455688,0.7562187027931213,-0.03278939723968506,1.9818056726455688,-0.4654402798861266,3.0618100318908694,0.7955098262978663,0.4832664850061841,,False,0.9907140612602234,-0.03660395335406065,2.0501905918121337,0.8404307216090398,0.9915419697761536,-0.03278939723968506,1.9818056726455688,0.839414756574829,0.7562187027931213,-1.0916340517997742,4.570102310180664,0.8336039038482501,0.990469753742218,-0.036682195775210855,2.027311806678772,0.9010130543908559,0.7770066356658936,-1.129491801261902,4.679639778137207,0.5630866950663567,1.9422111536716165,1.8394454296692115,1.5142344384136117,3.684829137724085,0.8464504127199978
5,0.9245270695686341,-0.02435757976025343,1.5581929445266725,0.8201761627197266,-0.02435757976025343,1.5581929445266725,-0.2531442179530859,2.33655913066864,0.8313424005546436,0.6271676093063665,,False,0.9938884806632996,-0.02435757976025343,1.5581929445266725,0.6890708409486395,0.9927430176734924,-0.027717998437583446,1.5916823577880859,0.7925392221091094,0.8201761627197266,-0.5656374216079711,3.47182635307312,0.9180064095339848,0.9931372022628784,-0.026253759562969207,1.5772672271728516,0.9312551874492037,0.8226904845237732,-0.6217543303966522,3.483826770782471,0.8258403427322811,1.2046289484247499,1.610587708074975,1.9488855372533331,4.431264066149119,1.608397348116461
6,0.9546724662780761,-0.012534159906208516,1.5906083297729492,0.8908921384811401,-0.012534159906208516,1.5906083297729492,-0.21336966595426204,2.431605968475342,0.8021167587261607,0.33938308071470213,,False,0.9966376304626465,-0.01348547950387001,1.6165282249450683,0.6617492641049997,0.9967906832695007,-0.012534159906208516,1.5906083297729492,0.9241887458039816,0.8923555064201355,-0.49914844155311583,3.6819775676727295,0.8251557175310458,0.996686372756958,-0.013038636278361082,1.6017374897003174,0.8505527303171525,0.8908921384811401,-0.5286416125297546,3.6671782302856446,0.7489373358736238,1.1172065368076607,2.6631961450706667,1.4401524937396013,2.7440764696895577,1.2951769101112702
7,0.9913117346763611,-0.013007386662065983,1.619506335258484,0.9827364158630371,-0.013007386662065983,1.619506335258484,-0.07176751804351807,1.8662486181259157,0.843609880660092,0.08266909505945748,,False,0.9967825055122376,-0.013007386662065983,1.6229805278778076,0.8642251026393624,0.996796658039093,-0.013102226257324219,1.6201265716552735,0.8603934200048831,0.9834785437583924,-0.1368327847123146,2.189383068084717,0.8691289077681253,0.9967645502090454,-0.013049248419702054,1.619506335258484,0.8715422859512094,0.9827364158630371,-0.18284594416618347,2.279246587753296,0.7527596869368799,2.0911844824945387,1.9399259687200288,1.662522284353982,3.123422152178822,1.3200680211778109
8,0.8801121153831482,-0.10051767855882644,2.4842562103271484,0.7327121925354004,-0.10051767855882644,2.4842562103271484,-0.44307631868124014,3.745680932998657,0.8635956801039859,0.5693747653761156,,False,0.9378419137001037,-0.3413981440663338,2.899020233154297,0.6923045250102553,0.9705952405929565,-0.10462241560220718,2.4842562103271484,0.9483180690128554,0.7327121925354004,-0.9146821594238281,5.613129062652588,0.8961029975237005,0.9716934967041015,-0.10051767855882644,2.490124349594116,0.9320655195492173,0.7877177333831787,-0.7541611957550048,5.241874809265137,0.8491872894239009,1.2218253466306326,3.14829386719975,1.7751328233611146,4.3789978831283785,1.6948273504276488
9,0.8881147217750549,-0.07442508410662413,1.9981165409088135,0.7474285984039306,-0.07442508410662413,1.9981165409088135,-0.44278180176019666,3.1414286537170413,0.7842971576323002,0.6180049798705309,,False,0.9775357508659362,-0.08405407719314098,2.0594932556152346,0.8632862807422947,0.9775732612609863,-0.07717288520187139,2.015261354446411,0.8013570528169427,0.7600118589401245,-1.0003485822677611,4.885293827056885,0.738380235176315,0.9780241394042969,-0.07442508410662413,1.9981165409088135,0.8346744449933895,0.7474285984039306,-0.9779083800315856,4.7489782905578615,0.6837877744325602,2.10624908202774,1.6504372534882632,1.1959828624191453,2.590454577821076,1.1253303307632643
10,0.8541941390037536,-0.07271811157464982,2.014015417098999,0.639489312171936,-0.07271811157464982,2.014015417098999,-0.5551191930621863,3.088982236862183,0.8075327455790794,0.9790962703771402,,False,0.9782385230064392,-0.0767068662494421,2.045275492668152,0.7774230665091918,0.9788517165184021,-0.07271811157464982,2.014015417098999,0.8809075949247509,0.697262032032013,-1.3719286298751832,4.84038537979126,0.6683981144852511,0.977129111289978,-0.07732026040554046,2.050954346656799,0.9029364030883484,0.639489312171936,-1.1769220972061156,4.494280548095703,0.8079985488878556,1.5679927857456024,2.1268389136258654,1.0179618756148197,3.711743446866009,1.4902470735691453
11,0.8436894216537476,-0.08563362628221512,2.4439807176589965,0.6274763631820679,-0.08563362628221512,2.4439807176589965,-0.5230594764649868,3.476942706108094,0.8781386318569656,0.8728691152347403,,False,0.971758668422699,-0.10996941998600959,2.5773378372192384,0.7575488799308744,0.9756803727149963,-0.09104457676410675,2.4740753078460695,0.9397038663555154,0.6274763631820679,-1.200184202194214,5.070217933654785,0.9147628046356715,0.9770267868041992,-0.08563362628221512,2.4439807176589965,0.9294799377385163,0.6665049171447754,-1.1284655570983886,4.819101734161377,0.8491976706242503,1.4293768489968608,3.1098351898632544,1.9109525469542512,4.484777718183798,1.745809719973713
12,0.8349948887825012,-0.21147970199584962,2.8157270050048826,0.6929451870918274,-0.21147970199584962,2.8157270050048826,-0.590822927415371,3.495757656097412,0.8198081075706114,0.8083581207376613,,False,0.9129776620864868,-0.3583250415325165,3.0615702724456786,0.6376848866983127,0.929859745502472,-0.21825095027685165,2.8241449546813966,0.9436701754345281,0.7080183815956116,-1.107695906162262,4.4396577739715575,0.7928240260823362,0.9311734676361084,-0.21147970199584962,2.8157270050048826,0.9178448863430911,0.6929451870918274,-1.058363037109375,4.337688274383545,0.8070165632947888,1.061669801044995,3.1285594973429944,1.3386074521132707,4.023561065549591,1.5125460088270142
13,0.8359292159080506,-0.1683012640476227,2.711239995956421,0.6634138584136963,-0.1683012640476227,2.711239995956421,-0.6033388395905495,3.727110706329346,0.8033100222325235,0.8029600155992113,,False,0.9122127175331116,-0.3771041667461395,3.1736031913757325,0.6142356241850658,0.9483714151382446,-0.17037225276231766,2.7156323528289796,0.8921863939081799,0.6634138584136963,-1.22159583568573,5.0340898323059085,0.7969454362792986,0.9474158883094788,-0.1683012640476227,2.711239995956421,0.919550089422329,0.7082322001457214,-1.0793206787109375,5.000988159179688,0.793632567367744,1.0049017475318431,2.222839994311344,1.3251425339323704,4.02119207052895,1.4711878768997402
14,0.9086610155105592,-0.05547225654125214,1.8682754516601563,0.7855643367767334,-0.05547225654125214,1.8682754516601563,-0.28334871943295,2.485855972290039,0.8428575111060301,0.7645176557183964,,False,0.9852434301376343,-0.05547225654125214,1.8682754516601563,0.8102778852882443,0.9849927353858948,-0.05668956883251667,1.8755760526657104,0.9380118549967219,0.8027172493934631,-0.610565230846405,3.3839447689056397,0.7891766684504269,0.9847873258590698,-0.057496605813503264,1.8823479795455933,0.8845127671334211,0.7855643367767334,-0.636519935131073,3.4191356086730957,0.7923083796613362,1.7666453441665955,2.8954957895969473,1.3427992882663162,3.37776986645623,1.447150118616501
15,0.8619762287139892,-0.052084562554955485,1.9644501686096192,0.671105079650879,-0.052084562554955485,1.9644501686096192,-0.5215750315785408,3.136564751625061,0.7929331207587369,0.9993943167094739,,False,0.9793922472000122,-0.08142016470432281,2.2022409868240356,0.6147109450519804,0.984963960647583,-0.05633798711001873,2.002823705673218,0.8980734091973231,0.671105079650879,-1.2872761249542237,4.8933673667907716,0.7624866391807806,0.9861364603042603,-0.052084562554955485,1.9644501686096192,0.9205794832642644,0.6882833957672119,-1.1307563185691833,4.619941530227661,0.7688151270993352,1.0033730849188507,2.3444952563097425,1.2395229670405228,4.013535311487374,1.3270191622939356
16,0.8471081495285033,-0.15587144255638122,2.796459226608276,0.6729853415489196,-0.15587144255638122,2.796459226608276,-0.607899972975254,4.149678258895874,0.7936592638559155,0.7131005286252419,,False,0.9580449485778808,-0.1614801010489464,2.8262657070159913,0.7328020571448437,0.9568072772026062,-0.15587144255638122,2.796459226608276,0.8730145979644233,0.691575243473053,-1.409214859008789,6.355003719329834,0.6558313952439082,0.9561279368400574,-0.15839613735675812,2.8038774967193603,0.8899657676843136,0.6729853415489196,-1.1545373249053954,5.966785144805908,0.8166825012420896,1.3897589353643387,2.049155464033814,1.007301970028838,3.3268281993854254,1.551613424815789
17,0.7935379366874694,-0.15184539824724197,2.9214660930633545,0.656075599193573,-0.15184539824724197,2.9214660930633545,-0.7751143266558647,4.268281068801881,0.8122103072929514,0.8602250184695637,,False,0.708721570968628,-1.0780587601661682,4.824402408599854,0.7824738266210849,0.9510733079910278,-0.1666027957201004,2.984221935272217,0.8263573219060532,0.656075599193573,-1.2845952415466309,5.450476741790771,0.8109443238234125,0.9558346557617188,-0.15184539824724197,2.9214660930633545,0.9156194539226994,0.6959845495223999,-1.1944694375991822,5.160838165283203,0.7256566101915066,1.5772493795278628,1.7471633567077798,1.3935750000750344,4.073255743539997,1.1920222389110937
18,0.8180419192314148,-0.15051389791071415,2.715141563415527,0.6834920430183411,-0.15051389791071415,2.715141563415527,-0.7254501998871564,4.43428457069397,0.7982286249195986,0.6949291710867231,,False,0.7878711700439454,-0.9208242106437683,4.646805543899536,0.6973429749980976,0.9429588747024537,-0.19127894684672356,2.95221040725708,0.8949101745853527,0.6834920430183411,-1.3560705995559692,6.340721569061279,0.7203765245300733,0.9547374415397644,-0.15051389791071415,2.715141563415527,0.9007406986507754,0.7211500668525695,-1.008563344478607,5.516543769836426,0.7777727518336941,1.2328878512579167,2.31593555892825,1.1292293114519707,3.718519912421025,1.3825108822440335
19,0.7829539709091187,-0.13256303519010543,2.9402940177917483,0.6388488817214966,-0.13256303519010543,2.9402940177917483,-0.8706140724420547,4.449287220001221,0.777342189822832,0.8953033068894003,,False,0.6388488817214966,-1.281796760559082,5.316583614349366,0.8083216781350997,0.9351474261283874,-0.22101406902074813,3.3998486518859865,0.7819821789572569,0.6648290610313415,-1.42653169631958,5.5773764419555665,0.7741663320395272,0.9625877857208252,-0.13256303519010543,2.9402940177917483,0.8604853615316154,0.7133566999435424,-1.2911648011207582,5.012333374023438,0.6617553984506607,1.7235145083496703,1.5120113781766908,1.2718825969676182,3.010114138427792,1.055024430076762
20,0.95205676984787,-0.020437468625605106,1.9571319007873536,0.8832358026504517,-0.020437468625605106,1.9571319007873536,-0.2194222629517317,2.7364658098220827,0.835271998394602,0.3442157407308804,,False,0.9949683856964111,-0.02098634548485279,1.9630708074569703,0.6727031867611255,0.9944343614578247,-0.021630169562995433,1.9788390827178954,0.9387529414980403,0.8928685450553894,-0.5035035598278046,3.9164670658111573,0.8381660270745986,0.9947767543792725,-0.020437468625605106,1.9571319007873536,0.8963543261539816,0.8832358026504517,-0.5305537712574006,3.866820192337036,0.8303835104852639,1.152788899605537,2.9272940676771437,1.4914375562820483,3.512639641637549,1.60821276014835
21,0.8185863308906556,-0.2720588222146034,2.9372927856445314,0.6981034398078918,-0.2720588222146034,2.9372927856445314,-0.6675614116191864,3.9135235176086427,0.7951989533121255,0.7791152390327176,,False,0.8989029479026794,-0.5154072704911232,3.199256706237793,0.6162353426087662,0.8924860978126525,-0.3080155926942825,2.9891516304016115,0.874826020749056,0.702235860824585,-1.1666128730773926,5.4039039802551265,0.7858122019807713,0.9012033081054688,-0.2720588222146034,2.9372927856445314,0.9156713484153556,0.6981034398078918,-1.0757124996185303,5.038012485504151,0.7834498528066781,1.0055407993895245,2.146310634856388,1.3203397352579167,4.084025777653229,1.4370350097569609
22,0.795240638256073,-0.11870956584811211,2.689584074020386,0.6677686095237731,-0.11870956584811211,2.689584074020386,-0.8724241614043713,4.500413780212402,0.7694763727325105,0.7733325823772702,,False,0.704102852344513,-1.3236971092224121,5.487831726074218,0.6370488344659857,0.9633483982086182,-0.13466565668582917,2.794333257675171,0.8383844074783156,0.6728138422966004,-1.4802696323394775,6.030900287628174,0.7103596513709555,0.9681694889068604,-0.11870956584811211,2.689584074020386,0.9247493605464955,0.6677686095237731,-1.3047788429260254,5.499419555664063,0.7368396098008008,1.0848268026913725,1.904084879023866,1.1246139082696,4.202556211708737,1.2261586075219209
23,0.8658469085693358,-0.08023966796696186,2.257004919052124,0.6944719767570495,-0.08023966796696186,2.257004919052124,-0.4357742374315858,2.9447878055572505,0.8172126431333957,0.9305007831952441,,False,0.978252911567688,-0.08023966796696186,2.257004919052124,0.7230723657372142,0.9762417721748352,-0.08378352373838424,2.288329839706421,0.8723630959279397,0.703558886051178,-0.9700150036811829,4.012246561050415,0.7831640061097801,0.976708996295929,-0.0809526888653636,2.2728687286376954,0.9269309295181377,0.6944719767570495,-0.9638803029060363,3.8934889793395997,0.780532818373907,1.3275451112970287,2.0075092516719346,1.2840728692830414,4.239290106571859,1.3950881754710387
24,0.8209075636863709,-0.03268084287643433,2.066455578804016,0.6744791460037232,-0.03268084287643433,2.066455578804016,-0.7233847334608435,4.146774336814881,0.8155364042936788,0.6923044766747117,,False,0.7507002878189087,-1.1467152118682862,4.977568893432617,0.6440292157301281,0.9868222117424011,-0.048269955031573775,2.246622381210327,0.8907938698212893,0.6744791460037232,-1.2939090633392334,5.831218338012695,0.8172355130788931,0.9912684965133667,-0.03268084287643433,2.066455578804016,0.9107686826866314,0.7012676763534545,-1.0953485941886902,5.612006492614746,0.8148547401514523,1.072911284336746,2.1700873485788588,1.4054134011375812,3.8398712193726787,1.540283215626578
25,0.8561946654319763,-0.07244564317166806,2.29509361743927,0.6647434735298157,-0.07244564317166806,2.29509361743927,-0.5608221000432968,3.5240379161834716,0.8356091203950449,0.8272254239290191,,False,0.974756281375885,-0.09051153168082238,2.412189049720764,0.7646526547664445,0.9800857496261597,-0.07244564317166806,2.29509361743927,0.9148724632575457,0.6822894310951233,-1.4119114208221435,5.573901386260986,0.7563335313990407,0.9790983915328979,-0.07589805774390697,2.3112996673583983,0.910287819041348,0.6647434735298157,-1.153343846797943,5.02770586013794,0.8318991335108453,1.4814085026100372,2.4492172159877046,1.2163696164421844,3.858550338732444,1.6385870667059157
26,0.8596029481887818,-0.028668094743043184,1.9913450002670288,0.6462975025177002,-0.028668094743043184,1.9913450002670288,-0.4687131761237979,2.9768134250640865,0.8065415830969767,0.9228149670730403,,False,0.9922051501274108,-0.03115334818139672,2.0153467750549314,0.7081053541495916,0.991535279750824,-0.032169437408447264,2.0186373662948607,0.8367105597674065,0.6462975025177002,-1.1351408505439757,4.533448896408081,0.8484580710975276,0.992422239780426,-0.028668094743043184,1.9913450002670288,0.8951371960148155,0.6755545687675476,-1.1164341497421264,4.325289087295532,0.7442967344555419,1.2944756146135414,1.8110415296967086,1.5376749289413163,3.476614124054047,1.2702793730780852
27,0.8807095203399657,-0.022035736814141272,1.6033309316635131,0.7106642079353332,-0.022035736814141272,1.6033309316635131,-0.43482265507429835,2.6197194938659667,0.7709276668431984,0.7431925395212449,,False,0.9929101657867432,-0.02514751199632883,1.6320018815994262,0.6168815988014369,0.9939692974090576,-0.02217765286564827,1.6033309316635131,0.8910731402234204,0.7106642079353332,-1.1170423483848573,4.276661968231201,0.6898330328215776,0.9940883922576904,-0.022035736814141272,1.6037595653533936,0.8836755336834105,0.7119155383110046,-0.9877100253105163,3.9828431224822998,0.773175028686147,1.0003527104497263,2.2569504961932876,1.0871667908552527,3.263298823195627,1.3921041330119008
28,0.8667391023635864,-0.07358634252101183,2.2563812017440794,0.6885780119895935,-0.07358634252101183,2.2563812017440794,-0.5392534531205893,3.4130664911270143,0.8117675392002236,0.6377030392471483,,False,0.9781898045539856,-0.09155037701129913,2.3387769412994386,0.6709474357529129,0.9791906523704529,-0.07536842677742243,2.267114601135254,0.8625431387172707,0.6885780119895935,-1.3015211749076843,5.169343452453614,0.8007919265106404,0.9794793820381165,-0.07358634252101183,2.2563812017440794,0.9230586658277465,0.7082576608657837,-1.1542409443855286,5.033716259002685,0.8014965291925483,1.1633064813107268,2.080975393742469,1.3521856265692682,4.213183499583422,1.5304419954098833
29,0.9350243210792543,-0.059182176217436794,1.9035395765304566,0.8580799269676208,-0.059182176217436794,1.9035395765304566,-0.2402073783278465,2.3276673583984375,0.8098769361692885,0.5606362149023747,,False,0.9827690529823303,-0.064951938316226,1.9653829526901245,0.7162862280105219,0.9833046412467956,-0.06238601103425026,1.949186029434204,0.938718490184153,0.8580799269676208,-0.4902986252307892,2.9165418434143064,0.858705602558958,0.9838882875442505,-0.059182176217436794,1.9035395765304566,0.8592739145817312,0.8670796966552734,-0.5242181408405304,2.9036863899230956,0.6764004455110784,1.2768290543968295,2.78180781703377,1.5775914665386952,2.8989403819754873,1.0735722787864483
30,0.8745451426506042,-0.01674774184823036,1.5666853523254394,0.6772643685340881,-0.01674774184823036,1.5666853523254394,-0.46512177310884,2.7948877315521243,0.8076420768823973,0.8549213936106136,,False,0.9947066378593444,-0.021115164421498776,1.6173028564453125,0.6456005818884953,0.9956823205947876,-0.01674774184823036,1.5666853523254394,0.9425612975062796,0.6772643685340881,-1.2070786571502685,4.681049690246582,0.7475611523945563,0.9949876999855042,-0.01953969430178404,1.6008735179901123,0.913395216145984,0.7100846862792969,-1.061127607822418,4.508527240753174,0.7890921364766715,1.086269855425461,3.017553486831684,1.2014224605556751,3.8884548504481753,1.4340129925737215
31,0.7915530815124512,-0.2338817299157381,3.041067051887512,0.6594588160514832,-0.2338817299157381,3.041067051887512,-0.7786088374257087,4.198611874580384,0.8014671460221042,0.801445182621002,,False,0.7642571377754211,-1.0232862651348114,4.824095849990845,0.6143761709061621,0.9136285805702209,-0.2565200342983007,3.1153679943084716,0.8852948421124832,0.6594588160514832,-1.3161071586608886,5.209237098693848,0.7929247306311816,0.9203598737716675,-0.2338817299157381,3.041067051887512,0.9130257190717237,0.7000609993934631,-1.063248999118805,4.80329137802124,0.8017142673889712,1.0034011795003883,2.233079375235032,1.3299757983832845,4.008755509048106,1.4816625321127213
32,0.9688438591957091,-0.014432304166257381,1.5378392505645753,0.9237593340873719,-0.014432304166257381,1.5378392505645753,-0.18156243355572227,2.266846479415894,0.8111143678851385,0.2133621970740382,,False,0.9962690877914429,-0.015002313144505024,1.5490957069396973,0.6533274267014099,0.9960699486732483,-0.015557623729109763,1.5604160594940186,0.9101286437050792,0.9317734456062317,-0.40165221095085146,3.292940254211426,0.8257186363936374,0.9963474798202515,-0.014432304166257381,1.5378392505645753,0.8986669652609466,0.9237593340873719,-0.46116771578788757,3.393941125869751,0.7677301673646194,1.0923352456071753,2.4654488057396797,1.4569386836725422,3.5826868650247565,1.351480720396923
33,0.8453217220306396,-0.16948952347040178,2.621002407073975,0.6843543839454651,-0.16948952347040178,2.621002407073975,-0.5934821289479733,3.5569023036956793,0.8201676782838102,0.8097894849656839,,False,0.9416978359222412,-0.24413637518882753,2.873677978515625,0.6856209931342906,0.9491251420974731,-0.17379085436463357,2.639996576309204,0.9155068927079999,0.6843543839454651,-1.301488676071167,4.998495635986328,0.7719314667679086,0.950040864944458,-0.16948952347040178,2.621002407073975,0.926471175848111,0.7013903832435608,-1.0785052156448365,4.651338920593262,0.8013078629607407,1.1767294058568072,2.6438189449206724,1.2927135841069046,4.307713415846858,1.5077088712166824
34,0.8510208849906923,-0.08793290957808494,2.377411975860596,0.6633581995964051,-0.08793290957808494,2.377411975860596,-0.5231492254436017,3.170219223022461,0.8248975170525334,0.9290779193843195,,False,0.973507993221283,-0.09896042734384537,2.4352526092529296,0.634991800767628,0.9762746381759644,-0.08793290957808494,2.377411975860596,0.901267792013979,0.6633581995964051,-1.2725949430465697,4.508362464904785,0.8148783591086114,0.97538236618042,-0.08898507207632064,2.3931759929656984,0.9214763361090098,0.6665812277793884,-1.0672727751731872,4.136893072128296,0.8518732972634382,1.0499574362813073,2.3944785490365255,1.3820321503357362,4.127856524851036,1.659128243489578
35,0.8112270889282226,-0.1917508540302515,3.1768310928344725,0.6846867275238037,-0.1917508540302515,3.1768310928344725,-0.7653920981436968,4.389815221786499,0.7924548678357235,0.6869662550837901,,False,0.7913257265090943,-0.8921816349029541,4.780719108581543,0.6680436828114981,0.9365095186233521,-0.20781638145446776,3.2529812145233152,0.8136688963260668,0.6846867275238037,-1.431569595336914,5.690041217803955,0.738835145820724,0.9409816980361938,-0.1917508540302515,3.1768310928344725,0.9186139054089866,0.7026317739486694,-1.1036420249938965,5.048503475189209,0.8231127088113424,1.1507449298569883,1.707384816111747,1.1825938695286269,3.9252194885211495,1.5767496921586677
36,0.8074961290359498,-0.05201759733259678,2.4232229518890382,0.6655653357505799,-0.05201759733259678,2.4232229518890382,-0.8072243807762861,4.369816047668457,0.789226520769924,0.7628734920420704,,False,0.6975323462486267,-1.2213676404953002,5.290303344726563,0.7091296379549915,0.986008596420288,-0.05201759733259678,2.4232229518890382,0.9192284954878636,0.7029829049110412,-1.4293005132675172,6.023871307373047,0.695151496698849,0.9853914618492127,-0.05381362661719322,2.444346532821655,0.8743192984774475,0.6655653357505799,-1.2796225261688232,5.6673361015319825,0.7483036752304684,1.249736796123658,2.5634162269976795,1.0775667886245799,3.1726264034782696,1.253289744684729
37,0.9063925118446352,-0.0696724958717823,2.4212071609497072,0.7848362636566162,-0.0696724958717823,2.4212071609497072,-0.44014405748248103,3.4136754856109617,0.7531811834667093,0.44598968119453386,,False,0.9800801658630371,-0.07591048642992973,2.4636621570587156,0.6347456397193391,0.980155975818634,-0.07553724274039268,2.4638035774230955,0.8560402719528442,0.7848362636566162,-1.0004060983657836,5.0408343315124515,0.7686793405383991,0.9813791608810425,-0.0696724958717823,2.4212071609497072,0.906692180963908,0.8055109930038452,-0.9791939640045166,4.67887020111084,0.5997484841590563,1.0507756120936307,1.947749120061062,1.259398008819602,3.785643412083207,0.9068878185266083
38,0.8306401391029357,-0.17843706890940667,2.815914487838745,0.7073336338996887,-0.17843706890940667,2.815914487838745,-0.6419675517976284,3.9986661567687993,0.8466819908908123,0.6509987762869278,,False,0.816033878326416,-0.7318923497200012,3.8813557052612304,0.8452923229000179,0.9320498037338257,-0.2340938687324524,3.035620584487915,0.8481031468346671,0.7073336338996887,-1.1279445433616637,5.289854316711426,0.8291888990341285,0.9478726315498353,-0.17843706890940667,2.815914487838745,0.9246544657869366,0.7499107480049133,-0.937469928264618,4.970585689544678,0.7861711198983116,1.9791779109401384,1.8656045072787932,1.4596269422101722,4.317075462955927,1.4335051773016603
39,0.8670916495323181,-0.20447556897997857,2.9326787185668945,0.7812086963653564,-0.20447556897997857,2.9326787185668945,-0.5223467837274075,3.8763035316467285,0.8566052122722313,0.5040776559421567,,False,0.88257737159729,-0.622531042098999,3.58661171913147,0.7622394123906376,0.9306080341339111,-0.23565982460975646,3.025650796890259,0.8813626436782555,0.7812086963653564,-0.8213125348091126,5.042008609771728,0.8702042482043355,0.9360909724235534,-0.20447556897997857,2.9326787185668945,0.912578979882135,0.8049731731414795,-0.7277549481391907,4.794567813873291,0.8566407772057925,1.4946958087232662,2.1922072762705915,1.653364611255359,3.9510508032221496,1.7841522302613386
40,0.8780768213272094,-0.07745278239250183,2.590955171585083,0.7148117017745972,-0.07745278239250183,2.590955171585083,-0.5100648292303085,3.607965793609619,0.7855271692068097,0.5813324972240974,,False,0.9762833285331726,-0.08979426234960557,2.7046809577941895,0.6590546060324439,0.9798251843452453,-0.07745278239250183,2.590955171585083,0.8663804193737568,0.7148117017745972,-1.2528138828277589,5.236628570556641,0.7904425441948714,0.9790969014167785,-0.07960283488035202,2.619110288619995,0.844228282089643,0.7403669905662537,-1.0506603837013244,4.888453979492187,0.7675299943433336,1.127887942691556,2.0161544920566037,1.3351271526260644,2.7014222182942347,1.35159394725858
41,0.9134797821044923,-0.01983250031247735,2.103983302116394,0.7869581294059753,-0.01983250031247735,2.103983302116394,-0.35224299408122894,3.0639775295257565,0.8569683425171862,0.4962215548920854,,False,0.993254451751709,-0.028168267626315354,2.226021242141724,0.7603906241902013,0.9950082230567933,-0.01983250031247735,2.103983302116394,0.8864143682519994,0.7869581294059753,-0.8743933868408204,4.506810073852539,0.8700981527971265,0.994765100479126,-0.02061032110825181,2.117206482887268,0.9137782939479743,0.7974130058288574,-0.81821049451828,4.365866546630859,0.8541602733986297,1.5150440738448185,2.2202412083922947,1.680237770929209,3.9528982581928394,1.767541924260108
42,0.94016317653656,-0.03144352748990059,1.9077770042419433,0.8556312155723572,-0.03144352748990059,1.9077770042419433,-0.26267058464884757,2.890822034835815,0.8491106365740471,0.34860032378155775,,False,0.991907787322998,-0.03144352748990059,1.9090997362136841,0.7269894458291148,0.9917741823196411,-0.03196871183812618,1.9180894136428832,0.8762628617428934,0.8695513796806336,-0.5560846281051636,4.398316993713379,0.8994699338443488,0.9919513177871704,-0.0318219793587923,1.9077770042419433,0.9200587682394576,0.8556312155723572,-0.6620340764522552,4.320827026367187,0.8227721732144206,1.3452497204640796,2.1136665681170648,1.8233601012624692,4.118331192460631,1.594941356000042
43,0.9565045132637023,-0.02664636932313442,1.8891876554489135,0.8999649786949158,-0.02664636932313442,1.8891876554489135,-0.2116761258840561,2.767273725509644,0.8607144320396926,0.256091988307244,,False,0.9937174463272095,-0.03200323969125748,1.965549006462097,0.7919757738283181,0.9926869916915894,-0.029242368414998055,1.9215746688842774,0.8932170744665224,0.8999649786949158,-0.490387589931488,4.061767444610596,0.8655462726620321,0.9932000517845154,-0.02664636932313442,1.8891876554489135,0.9069268582409014,0.902953097820282,-0.48010106205940245,3.998289852142334,0.8459061810006884,1.636145573371264,2.296052979628557,1.6099976501802056,3.68737398305509,1.7159516999588558
44,0.9497181663513183,-0.022881560139358045,1.722488579750061,0.8809218311309814,-0.022881560139358045,1.722488579750061,-0.20901258757710459,2.492376987457275,0.8645742829449385,0.41049284916300655,,False,0.9942031979560852,-0.022881560139358045,1.7253829383850097,0.8317705861683348,0.9939413428306579,-0.023792966604232788,1.7266624784469604,0.8780432007737521,0.8854877567291259,-0.49947080969810487,3.755346097946167,0.8508772590698984,0.9940367031097412,-0.023454344607889654,1.722488579750061,0.902581089818202,0.8809218311309814,-0.4754632568359375,3.5320048427581785,0.8595992788945054,1.8560966460028971,2.163337167371875,1.55641841003064,3.5931897333296505,1.7939189889856224
45,0.9258211536407472,-0.035126576088368895,2.0052538204193113,0.8273914575576782,-0.035126576088368895,2.0052538204193113,-0.27157907442003487,2.8028643960952757,0.8440364062024543,0.5199739137791046,,False,0.9913949728012085,-0.036502035930752755,2.014390525817871,0.6857237094722948,0.9905493044853211,-0.037206359356641766,2.0245694589614867,0.9116859549611551,0.8288619804382324,-0.6004705572128296,3.9753767013549806,0.8783008156696995,0.9909080529212951,-0.035126576088368895,2.0052538204193113,0.9189714882719364,0.8273914575576782,-0.6485898435115814,3.9947314739227293,0.8255000626371864,1.2306568588739626,2.553446661432858,1.7297189040269316,3.991322359294313,1.6753567000243927
46,0.8613464822769165,-0.04854252025485039,2.1468312454223635,0.6501846385002136,-0.04854252025485039,2.1468312454223635,-0.500492643788457,3.498373718261719,0.8417363147671848,0.8035695964485863,,False,0.98430908203125,-0.060174106471240524,2.2570750284194947,0.8761697647033948,0.9849758553504944,-0.05718611400574446,2.2284312582015993,0.7844945675509478,0.6501846385002136,-1.211168682575226,5.671779918670654,0.868487181553789,0.9871442103385926,-0.04854252025485039,2.1468312454223635,0.91819182559841,0.700118625164032,-1.1253917956352233,5.187751140594482,0.761338234429383,2.1918864236638065,1.5412883147457817,1.6163343838255502,4.130965038208448,1.304570713441191
47,0.8626915798187257,-0.05046326860785484,1.8957572507858276,0.6607155919075012,-0.05046326860785484,1.8957572507858276,-0.4502804831266403,2.848572787284851,0.8235051131205557,0.9649763140045017,,False,0.98376788854599,-0.06198092818260193,1.9667575025558472,0.7571207946764595,0.9860080122947693,-0.05046326860785484,1.8957572507858276,0.9031280478729835,0.699047749042511,-1.0803291511535644,4.293293066024781,0.7292600767528468,0.9839186573028564,-0.057557369023561476,1.9374129343032838,0.9323735212468616,0.6607155919075012,-1.001071698665619,4.149643182754517,0.7956431250536276,1.471262904226604,2.3962814233783183,1.1657998440078212,4.362696006055445,1.495186012516424
48,0.9177829937934875,-0.06966695114970207,2.1309393453598022,0.8216106653213501,-0.06966695114970207,2.1309393453598022,-0.2755398392379284,2.525187415122986,0.7951826582803041,0.727723766391769,,False,0.9745182847976684,-0.09448853850364686,2.287093720436096,0.6751992002197196,0.9785898447036743,-0.08164530336856841,2.1992247819900514,0.8362195266890536,0.8216106653213501,-0.5903714036941529,3.0566058444976805,0.8188749831340992,0.9815795660018921,-0.06966695114970207,2.1309393453598022,0.9345473906364262,0.8326166081428528,-0.5415269994735717,2.9520733833312987,0.7110721907222216,1.191243818546204,1.7918738294014374,1.419807935964073,4.460066133856332,1.1714413398667975
49,0.8290774288177489,-0.4163016706705093,2.639724235534668,0.7625720143318176,-0.4163016706705093,2.639724235534668,-0.5520121077299117,2.7784361209869384,0.8434015394065311,0.8501600450393212,,True,0.9216693425178528,-0.4397738116979599,2.653855743408203,0.7896120044323588,0.8476577568054199,-0.4163016706705093,2.647083492279053,0.9303275477852399,0.7721436595916749,-0.7186951422691346,2.964942464828491,0.8364605823044435,0.84134437084198,-0.426085359454155,2.639724235534668,0.8692337993243845,0.7625720143318176,-0.7592045545578003,2.9865746688842774,0.7913737631862284,1.6606872051337982,2.7761556015467495,1.4914419383818132,2.9878454508497843,1.471356063437168
50,0.7922849707603454,-0.07935239605605603,2.817888088226318,0.659221932888031,-0.07935239605605603,2.817888088226318,-0.7971474591046572,4.530044101715088,0.843663645610266,0.8397316844364016,,False,0.6653144073486328,-1.2289200568199157,6.015438423156739,0.822351278840248,0.9760380959510804,-0.08466494783759117,2.8550960350036623,0.9467767070554983,0.659221932888031,-1.4159631395339967,5.756692848205566,0.7873591642619532,0.9773165225982666,-0.07935239605605603,2.817888088226318,0.865785314186445,0.6835338950157166,-1.1768367552757264,5.205105113983154,0.7960457637071857,1.808038650001551,3.1976895853507865,1.310314872297121,2.971256864445793,1.4712806052207712
51,0.7785596458911895,-0.06667925707995892,2.709201374053955,0.6100102031230926,-0.06667925707995892,2.709201374053955,-0.8160059932023286,4.4750981025695795,0.8407288701434429,0.8886818104747143,,False,0.6590299081802368,-1.2513019990921022,5.361714057922363,0.8012977879022196,0.9791453218460083,-0.0698312096297741,2.7468023109436035,0.9218927120139396,0.6100102031230926,-1.4316553735733033,6.0260264015197755,0.831522217676335,0.9807952713966369,-0.06667925707995892,2.709201374053955,0.8730881893959923,0.6638175249099731,-1.260562126636505,5.5317463684082036,0.7758434437287282,1.6834434310812219,2.7463477149126136,1.4877846386402092,3.189065067063746,1.407855803173066
52,0.8294492120742798,-0.04314878731966019,1.9229613304138184,0.6924751019477844,-0.04314878731966019,1.9229613304138184,-0.619970346853137,3.226661915779113,0.8346526615061107,0.7918442307890232,,False,0.760823757648468,-0.8922070717811584,3.020477285385132,0.7891037077170613,0.985101580619812,-0.05709615401923657,1.9834172773361205,0.9432223682012671,0.6924751019477844,-1.1148432755470277,4.708843116760254,0.7951729326377946,0.9886344480514526,-0.04314878731966019,1.9229613304138184,0.8505340188365222,0.7202111721038819,-0.9925564455986023,4.497610569000244,0.7952302801379076,1.6334823073784541,3.0164965874559337,1.3683575494817748,2.767562707566042,1.4648798427197127
53,0.9028751592636108,-0.036756395250558856,2.1939146280288697,0.7697873759269714,-0.036756395250558856,2.1939146280288697,-0.34548581486567853,2.9551890048980716,0.8645447257570342,0.5917371264761896,,False,0.9912942767143249,-0.037050621006637814,2.1939146280288697,0.7839111648076664,0.9904123950004577,-0.036756395250558856,2.1951186943054197,0.9285432035906099,0.7697873759269714,-0.7944246387481689,4.035041837692261,0.8943313202349517,0.9854845905303955,-0.05378413740545511,2.3142590379714965,0.8695556694770413,0.7773971581459045,-0.805413281917572,4.037610826492309,0.8463822706749017,1.5447972056817807,2.8242882067613824,1.783400834347591,3.0601245824093493,1.726414564329997
54,0.7961145005226136,-0.0830540782213211,2.5573106670379637,0.6275412034988403,-0.0830540782213211,2.5573106670379637,-0.7242391663491726,4.1495795879364,0.8406868559754826,0.8921549680210508,,False,0.7248676538467407,-1.0773377466201781,4.5306540298461915,0.737378621978951,0.9708484578132629,-0.10716891512274743,2.7440423583984375,0.9188199227468327,0.6275412034988403,-1.2114391231536865,5.595989875793457,0.8679829636604469,0.9777934575080871,-0.0830540782213211,2.5573106670379637,0.9171478152105277,0.6795217299461365,-1.1421959686279297,5.319901008605957,0.7621049562806556,1.398710782065936,2.6099675941599,1.6523047791213135,4.0466502088389,1.3516677462378017
55,0.8159805746078491,-0.27837284743785856,2.9020322036743162,0.7106068086624145,-0.27837284743785856,2.9020322036743162,-0.6969846346378327,4.08665577507019,0.8005689862049513,0.6591051666632586,,False,0.8226732110977173,-0.8369527161121368,4.050605602264405,0.625690314308963,0.908728449344635,-0.29188038885593415,2.939999055862427,0.9432779525085934,0.7106068086624145,-1.1422854566574097,5.476106758117676,0.7703641149805854,0.9099487829208374,-0.27837284743785856,2.9020322036743162,0.8376132224014384,0.7279456210136414,-0.935431764125824,5.064535255432129,0.8258993268251764,1.030828286899785,3.0459298833785726,1.2461762984091866,2.6138668990002345,1.5698209253500115
56,0.8372636241912842,-0.06963489428162575,2.315119171142578,0.7361368989944458,-0.06963489428162575,2.315119171142578,-0.6516440404057502,3.7932411193847657,0.7953153180513165,0.6774648073712927,,False,0.746758291721344,-1.087245182991028,4.249967308044433,0.6294871197931772,0.9792090010643005,-0.07626099601387977,2.369762992858887,0.9443036450267682,0.7361368989944458,-1.1413246011734008,5.332939472198486,0.7494056799293944,0.9811163139343262,-0.06963489428162575,2.315119171142578,0.8324541318168065,0.7430976152420044,-0.8837545275688171,4.698416652679444,0.8209260136904365,1.0352043920482974,3.0778487823537257,1.2348656665170874,2.523847874088487,1.5569716905441122
57,0.8651453981399537,-0.061005194038152695,2.292934093475342,0.689000198841095,-0.061005194038152695,2.292934093475342,-0.5887140528559685,3.580399036407471,0.7955268726431676,0.7435460159100239,,False,0.9794482493400574,-0.07570415169000626,2.429717559814453,0.6717586356384104,0.9841165614128112,-0.061005194038152695,2.292934093475342,0.9383632620812822,0.6900355076789856,-1.5077495908737182,5.692438163757324,0.7270630902025036,0.9831264734268188,-0.06549892142415047,2.3371356391906737,0.8380723637878082,0.689000198841095,-1.2336124062538147,5.149769725799561,0.8023770115058333,1.1256658263961175,2.970378450003729,1.1588355137064108,2.6373202810329532,1.5050826335948104
58,0.7838911862373352,-0.12155517578125,2.7024184799194337,0.6317004585266113,-0.12155517578125,2.7024184799194337,-0.8502840560674667,4.169589069366456,0.8050473697433891,0.8430615254142626,,False,0.6944447898864746,-1.2878929901123046,4.9413594627380375,0.6298495180599257,0.9647056221961975,-0.12155517578125,2.7024184799194337,0.9447061870039594,0.6693711471557617,-1.443062515258789,5.480337009429932,0.7583483336377946,0.9592339134216309,-0.138768293261528,2.773074131011963,0.8652674856417353,0.6317004585266113,-1.2601413059234619,4.95075626373291,0.8270653243735302,1.0306001715424444,3.121033830703479,1.2407290099332005,2.9531541385395226,1.6254743476666553
59,0.8689529457092284,-0.06952960327267647,2.076459355354309,0.6911678147315979,-0.06952960327267647,2.076459355354309,-0.6024184111058712,3.2842847909927366,0.7426112766035144,0.7939462463350813,,False,0.9812959194183349,-0.06952960327267647,2.076459355354309,0.6548944907614505,0.9808834147453308,-0.07139653190970421,2.085884885787964,0.9478877947292759,0.6911678147315979,-1.4667241621017455,5.219171772003174,0.6978941522857482,0.9803578042984009,-0.07266912564635276,2.104807233810425,0.85106107997427,0.711059775352478,-1.331772632598877,4.935100708007813,0.5613188652668282,1.0957802464538664,3.1786406528306603,1.0905108045773464,2.8217071698850935,0.8092831777932501
60,0.8825467348098753,-0.017657718900591136,1.616614408493042,0.7017686152458191,-0.017657718900591136,1.616614408493042,-0.3410807619541884,2.3141713666915895,0.7956157320352504,0.9519894695518963,,False,0.9941927528381348,-0.017657718900591136,1.616614408493042,0.610228918195602,0.9941045713424682,-0.018942724168300628,1.6345069742202758,0.932907591421209,0.728259699344635,-0.8158506488800049,3.3543931293487548,0.789077733999823,0.9944080352783203,-0.01811969904229045,1.6267823791503906,0.8535935151031815,0.7017686152458191,-0.8348330187797547,3.3385599422454835,0.7922709014564379,1.003031435048139,2.853856840090831,1.3249903548447288,2.8366447339945555,1.4354011140826004
61,0.8632079157829284,-0.10674706004559993,2.5086193799972536,0.7281095933914185,-0.10674706004559993,2.5086193799972536,-0.494173496261239,3.546692657470703,0.8277088077959256,0.6574215718663362,,False,0.925089774131775,-0.31108374275267126,3.1277101707458494,0.6808948147169634,0.9619123601913452,-0.12230847664177417,2.5826788187026977,0.9152191792364934,0.7281095933914185,-0.9776325511932373,4.76163878440857,0.8428993204121653,0.9665580701828003,-0.10674706004559993,2.5086193799972536,0.8847388770428531,0.7343697810173034,-0.9530956506729126,4.752816133499145,0.8147918475711527,1.1984820230465978,2.695669607222018,1.5254109941671534,3.374742517193429,1.528226113009016
62,0.8840355777740478,-0.040638737231493,1.9844560956954955,0.7140988326072693,-0.040638737231493,1.9844560956954955,-0.42311808831989767,2.9343595333099364,0.8450144690368434,0.6129158083098395,,False,0.988817253112793,-0.04243687734007835,1.996480803489685,0.8111420592191619,0.98926926612854,-0.040638737231493,1.9844560956954955,0.9415219114712802,0.7140988326072693,-1.0034689974784852,4.382020778656006,0.8224007886491879,0.9891444730758667,-0.04090070225298405,1.986262149810791,0.8368511640339592,0.7388480639457703,-0.9881451272964478,4.322577838897705,0.813156421810628,1.7006218503534607,3.0695751348563687,1.434539871530877,2.6398519309013073,1.5750557457338403
63,0.7894673309326171,-0.06055097572505474,2.542913360595703,0.655208477973938,-0.06055097572505474,2.542913360595703,-0.8745465490221978,4.542274280548096,0.803594384717008,0.7637828407079216,,False,0.655208477973938,-1.5458186864852905,5.6995061492919925,0.6266510771376786,0.9843343234062195,-0.06055097572505474,2.542913360595703,0.9306559297817519,0.6561131954193116,-1.436469841003418,6.065515937805176,0.7857743646922245,0.984171347618103,-0.06111905910074711,2.5542715072631834,0.9068560082748792,0.667509310245514,-1.2687741827964782,5.849164447784424,0.7680345436985051,1.0542897377573484,2.930297518042418,1.3087922785326234,3.7922760912888176,1.3780939108580794
64,0.876307068824768,-0.07814635530114174,2.579062614440918,0.7212417483329773,-0.07814635530114174,2.579062614440918,-0.5322165100872516,3.7673967113494875,0.8253489625397349,0.5466940850282542,,False,0.9673983311653137,-0.1230299386382103,2.902776870727539,0.7885632822224997,0.9789519262313843,-0.08035140067338943,2.5866016292572023,0.8864219757613463,0.7212417483329773,-1.277010872364044,5.507248115539551,0.771568907373882,0.979464967250824,-0.07814635530114174,2.579062614440918,0.8887312956463812,0.734478371143341,-1.1025439834594726,5.2612943267822265,0.791459351694565,1.6090396098815285,2.2066723692213563,1.2675632547481084,3.2775669898545132,1.4155580658706806
65,0.8088131356239319,-0.13347376257181168,2.57304368019104,0.6515176630020142,-0.13347376257181168,2.57304368019104,-0.6530015514791012,3.7728805389404294,0.8310666187882663,0.8692213875409662,,False,0.7675440764427185,-0.9434317517280578,3.979569225311279,0.6544911385442321,0.9523012924194336,-0.17174497857689858,2.7170194149017335,0.8591686017927305,0.6515176630020142,-1.0547248458862304,4.922251491546631,0.9228359626093382,0.9618931865692139,-0.13347376257181168,2.57304368019104,0.9206494493320752,0.7108094596862793,-0.9616324186325074,4.672518882751465,0.798187941662956,1.1130660673361807,1.9637418363288703,1.9927990587395406,4.0586535704273,1.47183836082368
66,0.8859531321525574,-0.03756834983825683,1.8114888334274293,0.7316644549369812,-0.03756834983825683,1.8114888334274293,-0.4309702358692884,2.6817509956359866,0.798533580851322,0.709523817264638,,False,0.9888859367370606,-0.03861293889582157,1.8200771188735962,0.7013611808715849,0.9891809272766113,-0.03756834983825683,1.8114888334274293,0.8922626830707487,0.7316644549369812,-1.0279053497314452,4.057891244888306,0.7472562627551987,0.9881737327575684,-0.04054681941866875,1.8342997169494628,0.9166798601620428,0.7318606090545654,-1.0102177214622499,3.8849980640411377,0.7351079173970346,1.2893104041776018,2.281627654546615,1.215109669618984,4.171806075895316,1.272981318467035
67,0.7817804698944092,-0.08214038863778114,2.532235097885132,0.6205507016181946,-0.08214038863778114,2.532235097885132,-0.8899212992936373,4.6356001367568975,0.8036422570124381,0.8318531274984382,,False,0.6205507016181946,-1.4537645721435546,6.1220804214477536,0.7589637109385161,0.9717907762527466,-0.09253320835530758,2.621380171775818,0.8990214153492456,0.67520747423172,-1.5654455089569093,6.28775203704834,0.6806069309109057,0.975617208480835,-0.08214038863778114,2.532235097885132,0.925972730914963,0.6657361888885498,-1.2557228183746338,5.614552955627442,0.7536464969485599,1.4570833902139644,2.3606734645601946,1.0466146917254784,4.2610527802739355,1.325266966457943
68,0.8422332797050477,-0.08363187536597252,2.381261167526245,0.6564447069168091,-0.08363187536597252,2.381261167526245,-0.5578135389387608,3.6729107952117914,0.8259579371027863,0.9136745520019637,,False,0.9406553554534912,-0.2165573501586914,3.1850596141815184,0.6532308769345224,0.9736308479309081,-0.09189623564481736,2.4428899002075197,0.9118603844470288,0.6564447069168091,-1.3161589527130126,5.444199600219727,0.8155917156053595,0.9764854240417481,-0.08363187536597252,2.381261167526245,0.9149540304893833,0.6639500641822815,-1.0808232808113098,4.91114369392395,0.8341526780376383,1.068758061944173,2.501093802829644,1.3787677618746677,3.9536921003364505,1.6432731747622646
69,0.8794728002548219,-0.17225062370300293,3.602690353393555,0.7626339077949524,-0.17225062370300293,3.602690353393555,-0.5267588444352149,4.432674486160279,0.816308701609139,0.45454038565250265,,False,0.9552862310409546,-0.2223671044409275,3.7456969261169433,0.8141716548666325,0.9508863401412964,-0.18071319952607154,3.6192566204071044,0.8112597442813066,0.7626339077949524,-1.0707463431358337,5.753866920471191,0.8267962418190149,0.951134672164917,-0.17225062370300293,3.602690353393555,0.830651170516095,0.7774228501319885,-0.9877169513702393,5.441861610412598,0.7986646965626462,1.763789512117396,1.6511318878497927,1.4767378957832709,2.581007309794034,1.5261349035043275
70,0.8501910791397094,-0.11758013624697923,2.6373870468139646,0.6870011639595032,-0.11758013624697923,2.6373870468139646,-0.5135275795906783,3.8700524396896365,0.8431831175700851,0.7377913397589968,,False,0.8944300198554993,-0.413898868560791,3.297991313934326,0.7310947041673518,0.9542548751831055,-0.15512394431978463,2.7798013257980347,0.8638295397751334,0.6870011639595032,-1.000055991411209,5.521417465209961,0.908713338522876,0.9665664291381836,-0.11758013624697923,2.6373870468139646,0.8736752451248511,0.7487029075622559,-0.8809789574146271,5.113665046691895,0.8386027602602136,1.3770841326060137,2.061164399796162,1.8860146733076693,3.062736317158306,1.6926600428989687
71,0.8521023120880126,-0.09705973878502845,2.3417742538452146,0.6703585267066956,-0.09705973878502845,2.3417742538452146,-0.5791277486383914,3.704872240066528,0.7907789913022006,0.7735286146099407,,False,0.9615958094596863,-0.14189323037862778,2.6172616386413576,0.6584811977840443,0.9728600263595581,-0.09705973878502845,2.3417742538452146,0.8203234897428751,0.6865849280357361,-1.4160571670532227,5.7759906196594235,0.7353924221338876,0.9691122698783875,-0.10767537802457809,2.3939345836639405,0.9177238889644714,0.6703585267066956,-1.1329532289505004,5.395400104522705,0.821973957885724,1.125218032773035,1.6997809743749326,1.1750196800625061,3.9295728123997837,1.578401401729155
72,0.8590358428955078,-0.05860029645264149,2.2831625652313234,0.6685669875144958,-0.05860029645264149,2.2831625652313234,-0.57571250551939,3.750766580581665,0.7953507619092374,0.6896899334946773,,False,0.9814994907379151,-0.06627241112291812,2.3457471179962157,0.669630213348558,0.9804996681213379,-0.06866141006350518,2.3610816287994383,0.8278432629851804,0.6685669875144958,-1.502444257736206,6.204775409698486,0.7477825781038305,0.983736367225647,-0.05860029645264149,2.2831625652313234,0.9116911179395106,0.6808767008781433,-1.1825841522216798,5.559066181182861,0.8198066371691073,1.1412641082377364,1.7654489684044288,1.1983202122339203,3.8853678737699426,1.6134919960811545
73,0.814124198436737,-0.11265943475067615,1.9848370599746703,0.6926643276214599,-0.11265943475067615,1.9848370599746703,-0.6744534263759852,3.2906779623031617,0.7959696154158944,0.8166365372343317,,False,0.7802964448928833,-0.8931427264213562,3.1329595947265627,0.6782500669697246,0.9373187923431396,-0.20914203226566314,2.218877191543579,0.8508911666558212,0.6931693434715271,-1.1778387355804443,4.632694520950317,0.7218773975042487,0.9671720838546753,-0.11265943475067615,1.9848370599746703,0.9101576258987825,0.6926643276214599,-0.9794842028617858,4.484021444320678,0.8186718200508944,1.1638514400163895,1.8958562158601795,1.119865814821265,3.7618287587621535,1.567133208714751
74,0.82039923286438,-0.03029671683907509,1.8973035097122193,0.6635129141807556,-0.03029671683907509,1.8973035097122193,-0.7104614053070546,3.8389620265960698,0.7834500148546835,0.6709669375139645,,False,0.7450993752479553,-1.0773741936683654,4.343444623947144,0.620957522767777,0.9883846616744996,-0.043919074535369876,2.0295148038864137,0.7942431315664852,0.6635129141807556,-1.3344307708740235,5.526372261047364,0.7930468236752928,0.9920103359222412,-0.03029671683907509,1.8973035097122193,0.9162523503621928,0.7129888772964478,-1.0662862706184386,5.398174934387207,0.7927502459016698,1.0295772844802191,1.5897814000769483,1.352785277277053,4.002541508913409,1.4478537746111155
75,0.9940137848854066,-0.008685901742428542,1.429765272140503,0.9877581405639648,-0.008685901742428542,1.429765272140503,-0.05296467270702124,1.7384742517471314,0.779111313474404,0.05405236616699477,,False,0.9977975034713745,-0.008790559805929661,1.4313769578933715,0.6384053788316648,0.997839651107788,-0.008685901742428542,1.430943169593811,0.8202326668998167,0.9888822436332703,-0.11598470568656921,2.182626361846924,0.7605824208948414,0.9977913856506347,-0.008708498869091273,1.429765272140503,0.9031996712499405,0.9877581405639648,-0.12265369743108749,2.2176594972610473,0.7731364294957562,1.07888074542252,1.7280646022076005,1.2503771161992803,3.614899911600978,1.3826784979174345
76,0.787785789012909,-0.11511962965130806,2.797324800491333,0.6556200861930848,-0.11511962965130806,2.797324800491333,-0.8816632648706437,4.809283168792724,0.7990639068880887,0.7133695386912333,,False,0.6680630326271058,-1.5177289581298827,6.045415668487549,0.6260427111753749,0.9546160006523132,-0.15103142961859703,3.0148508739471436,0.8838715289045558,0.6556200861930848,-1.4676101112365723,6.447299537658691,0.7866141508586846,0.9669246411323548,-0.11511962965130806,2.797324800491333,0.8654139503375764,0.6937051844596863,-1.156826195716858,5.7415249633789065,0.8333771931642525,1.0212830628984837,2.1507228179743616,1.2927430477774398,2.8885206450799217,1.5954028544209875
77,0.8724020304679871,-0.06565450742840767,2.199553666114807,0.7008467936515808,-0.06565450742840767,2.199553666114807,-0.4952157162129879,3.2494698724746707,0.7988502742147132,0.626974209491845,,False,0.9826857495307922,-0.06592359289526939,2.2025239086151123,0.7156899511977162,0.9826617026329041,-0.06565450742840767,2.199553666114807,0.8353158282368051,0.7008467936515808,-1.146353964805603,4.912495288848877,0.815384800558392,0.9824339628219605,-0.06660616025328636,2.2066911697387694,0.9010026754923246,0.7133819437026978,-1.131540355682373,4.7260853290557865,0.7268581155883288,1.316694707966695,1.827505745084086,1.4023262194598105,3.4398546762030633,1.2274382384569247
78,0.7640862498283386,-0.08947280183434486,2.8760830307006837,0.6076711726188659,-0.08947280183434486,2.8760830307006837,-0.9694288142919539,5.245877643585206,0.8058818686333075,0.8654500580957301,,False,0.6076711726188659,-1.7067785835266114,6.664235343933106,0.6887533189306748,0.969051387310028,-0.11380399867892266,3.018748378753662,0.8792134843077046,0.6333587956428528,-1.615346736907959,7.268731479644775,0.7256600491079862,0.9753830790519714,-0.08947280183434486,2.8760830307006837,0.9238289025555008,0.6349668145179749,-1.3217419505119323,6.401589984893799,0.8119535882646702,1.221109549318555,2.0973718020853114,1.1409144597690832,4.098191579343982,1.5086611763308613
79,0.8119120650291443,-0.10015044078230857,2.500289421081543,0.6847615194320679,-0.10015044078230857,2.500289421081543,-0.7382204901874065,3.9399218139648435,0.8350649613512666,0.763552882131557,,False,0.7433323240280152,-0.9594515705108643,4.203936891555786,0.8347435639920806,0.9645812582969665,-0.12954765558242798,2.659720468521118,0.8830051268135631,0.6847615194320679,-1.385169358253479,5.401881809234619,0.7461526628962188,0.9729684209823608,-0.10015044078230857,2.500289421081543,0.909245744482622,0.693916802406311,-1.116783425807953,4.933780479431152,0.8021777085718493,1.8768211341838956,2.196353958864496,1.190744846689525,3.8373949309041397,1.541720307742598
