number,value,datetime_start,datetime_complete,duration,params_sigma_scale_Prosody,params_sigma_scale_Scene,params_sigma_scale_Timbre,params_sigma_scale_Vocal_Tract,params_sigma_scale_Voice_Quality,params_tau,user_attrs_effective_rank,user_attrs_effective_rank_avg,user_attrs_group_breakdown,user_attrs_max_group_uniformity,user_attrs_min_group_alignment,user_attrs_min_group_rank,user_attrs_uniformity,user_attrs_uniformity_avg,user_attrs_weight_entropy_ratio,system_attrs_constraints,state
0,0.9823310947418212,2026-07-25 21:51:35.887963,2026-07-25 21:59:05.333172,0 days 00:07:29.445209,4.266498147616723,0.33044636340245687,1.3737845955327985,2.1101513838453085,0.33047202013078175,0.40581311290499433,1.7104999780654908,2.1751319849491115,"{""Prosody"": {""alignment"": 0.9956388175487518, ""uniformity"": -0.019453965802676977, ""effective_rank"": 1.7104999780654908, ""weight_entropy_ratio"": 0.9996368216791012}, ""Vocal_Tract"": {""alignment"": 0.9945657670497894, ""uniformity"": -0.0203379264799878, ""effective_rank"": 1.7202290892601013, ""weight_entropy_ratio"": 0.9936106269489076}, ""Timbre"": {""alignment"": 0.9979079514741898, ""uniformity"": -0.037127070920541884, ""effective_rank"": 1.8617421567440033, ""weight_entropy_ratio"": 0.9930022218556933}, ""Voice_Quality"": {""alignment"": 0.9947645485401153, ""uniformity"": -0.021283008554019035, ""effective_rank"": 1.729886269569397, ""weight_entropy_ratio"": 0.6916515618946313}, ""Scene"": {""alignment"": 0.9287783890962601, ""uniformity"": -0.5584229111671448, ""effective_rank"": 3.8533024311065676, ""weight_entropy_ratio"": 0.630162285096821}}",-0.019453965802676977,0.9287783890962601,1.7104999780654908,-0.019453965802676977,-0.1313249765848741,0.8616127034950309,"[0.430546034197323, 0.7895000219345092]",COMPLETE
1,0.9996390122175216,2026-07-25 21:59:10.658378,2026-07-25 22:06:03.236055,0 days 00:06:52.577677,3.2500667782303387,4.538431478276444,1.9537679506141499,1.3846905247421057,0.21370067001013646,0.10517943155978948,1.2327426970005035,1.2342304301261904,"{""Prosody"": {""alignment"": 0.9995117604732513, ""uniformity"": -0.0020128579228185116, ""effective_rank"": 1.2327426970005035, ""weight_entropy_ratio"": 0.9989512481287435}, ""Vocal_Tract"": {""alignment"": 0.9994941651821136, ""uniformity"": -0.0020671819162089377, ""effective_rank"": 1.2338538467884064, ""weight_entropy_ratio"": 0.9772443998887143}, ""Timbre"": {""alignment"": 0.999824795126915, ""uniformity"": -0.0022041079588234424, ""effective_rank"": 1.2367761850357055, ""weight_entropy_ratio"": 0.9978625571466289}, ""Voice_Quality"": {""alignment"": 0.9995039612054825, ""uniformity"": -0.002051309944363311, ""effective_rank"": 1.2335214495658875, ""weight_entropy_ratio"": 0.5837471988747881}, ""Scene"": {""alignment"": 0.9998603790998459, ""uniformity"": -0.0020800055644940585, ""effective_rank"": 1.234257972240448, ""weight_entropy_ratio"": 0.9997382628097897}}",-0.0020128579228185116,0.9994941651821136,1.2327426970005035,-0.0020128579228185116,-0.0020830926613416524,0.9115087333697328,"[0.4479871420771815, 1.2672573029994965]",COMPLETE
2,0.9426071417331696,2026-07-25 22:06:06.879360,2026-07-25 22:12:59.810716,0 days 00:06:52.931356,0.39615699970476376,1.0829490041084235,0.36092627369617003,0.3590958547948703,0.5325279408645577,0.8408205087604007,1.7973467350006103,2.742498174905777,"{""Prosody"": {""alignment"": 0.9910081326961517, ""uniformity"": -0.03720207409933209, ""effective_rank"": 1.810614687204361, ""weight_entropy_ratio"": 0.714963280984156}, ""Vocal_Tract"": {""alignment"": 0.9903245359659195, ""uniformity"": -0.036311147687956694, ""effective_rank"": 1.8048522353172303, ""weight_entropy_ratio"": 0.6713121203006475}, ""Timbre"": {""alignment"": 0.7866672843694686, ""uniformity"": -1.0135655462741853, ""effective_rank"": 4.884873747825623, ""weight_entropy_ratio"": 0.6736950172308871}, ""Voice_Quality"": {""alignment"": 0.9908174335956573, ""uniformity"": -0.03556810123845935, ""effective_rank"": 1.7973467350006103, ""weight_entropy_ratio"": 0.7903855097420415}, ""Scene"": {""alignment"": 0.9542183220386505, ""uniformity"": -0.3716986678540707, ""effective_rank"": 3.4148034691810607, ""weight_entropy_ratio"": 0.963822840014041}}",-0.03556810123845935,0.7866672843694686,1.7973467350006103,-0.03556810123845935,-0.2988691074308008,0.7628357536543546,"[0.4144318987615407, 0.7026532649993897]",COMPLETE
3,0.9466335552930832,2026-07-25 22:13:03.563085,2026-07-25 22:19:56.310683,0 days 00:06:52.747598,0.5106823667399514,0.6504020089889654,0.31335313528540565,1.433387578475623,0.5121895201455046,0.46034776771000996,2.0860449373722076,3.192769298553467,"{""Prosody"": {""alignment"": 0.9896995514631272, ""uniformity"": -0.04077785676345229, ""effective_rank"": 2.0860449373722076, ""weight_entropy_ratio"": 0.794342792816205}, ""Vocal_Tract"": {""alignment"": 0.9897542417049408, ""uniformity"": -0.040487847710028294, ""effective_rank"": 2.08659964799881, ""weight_entropy_ratio"": 0.9784721408346018}, ""Timbre"": {""alignment"": 0.8585705310106277, ""uniformity"": -0.8090415000915527, ""effective_rank"": 5.063148665428161, ""weight_entropy_ratio"": 0.6136587632092774}, ""Voice_Quality"": {""alignment"": 0.9889834851026535, ""uniformity"": -0.04279882716946304, ""effective_rank"": 2.1084074079990387, ""weight_entropy_ratio"": 0.7794533807011951}, ""Scene"": {""alignment"": 0.9061599671840668, ""uniformity"": -0.6528766572475433, ""effective_rank"": 4.619645833969116, ""weight_entropy_ratio"": 0.8737057718386065}}",-0.040487847710028294,0.8585705310106277,2.0860449373722076,-0.040487847710028294,-0.31719653779640794,0.8079265698799774,"[0.40951215228997173, 0.41395506262779236]",COMPLETE
4,0.9926188701391219,2026-07-25 22:19:59.861546,2026-07-25 22:26:52.856208,0 days 00:06:52.994662,2.50414161703258,0.23225490039051538,1.0468847921574105,0.3803312094071718,1.3464493568065974,0.4832664850061841,1.4269158124923706,1.6953500056266784,"{""Prosody"": {""alignment"": 0.9978233337402344, ""uniformity"": -0.008815714344382285, ""effective_rank"": 1.4269158124923706, ""weight_entropy_ratio"": 0.9972312719799172}, ""Vocal_Tract"": {""alignment"": 0.9974503815174103, ""uniformity"": -0.010882300138473511, ""effective_rank"": 1.467528873682022, ""weight_entropy_ratio"": 0.6937069935274807}, ""Timbre"": {""alignment"": 0.9977482348680496, ""uniformity"": -0.011891205538995564, ""effective_rank"": 1.4860510528087616, ""weight_entropy_ratio"": 0.9805552432002009}, ""Voice_Quality"": {""alignment"": 0.9977297693490982, ""uniformity"": -0.00925039646681398, ""effective_rank"": 1.4362545013427734, ""weight_entropy_ratio"": 0.9584728763293455}, ""Scene"": {""alignment"": 0.9723426312208175, ""uniformity"": -0.38364036828279496, ""effective_rank"": 2.6599997878074646, ""weight_entropy_ratio"": 0.46049076402435585}}",-0.008815714344382285,0.9723426312208175,1.4269158124923706,-0.008815714344382285,-0.08489599695429205,0.81809142981226,"[0.44118428565561774, 1.0730841875076294]",COMPLETE
5,0.9910269176959992,2026-07-25 22:26:56.481748,2026-07-25 22:33:50.039263,0 days 00:06:53.557515,0.34626810531118907,2.6984911090750465,4.241456837579218,0.24658588892768893,4.476366617757313,0.6271676093063665,2.3063180088996886,2.31643620967865,"{""Prosody"": {""alignment"": 0.9879502266645431, ""uniformity"": -0.0471408030949533, ""effective_rank"": 2.310985732078552, ""weight_entropy_ratio"": 0.6533145802537045}, ""Vocal_Tract"": {""alignment"": 0.9886560529470444, ""uniformity"": -0.04801513645797968, ""effective_rank"": 2.3239979982376098, ""weight_entropy_ratio"": 0.4947514010416557}, ""Timbre"": {""alignment"": 0.9949312895536423, ""uniformity"": -0.0470077695325017, ""effective_rank"": 2.309657645225525, ""weight_entropy_ratio"": 0.9998988146333779}, ""Voice_Quality"": {""alignment"": 0.9883248001337052, ""uniformity"": -0.046677295491099356, ""effective_rank"": 2.3063180088996886, ""weight_entropy_ratio"": 0.9990518893775866}, ""Scene"": {""alignment"": 0.9952722191810608, ""uniformity"": -0.04872400294989347, ""effective_rank"": 2.3312216639518737, ""weight_entropy_ratio"": 0.9983743434184078}}",-0.046677295491099356,0.9879502266645431,2.3063180088996886,-0.046677295491099356,-0.04751300150528549,0.8290782057449466,"[0.4033227045089007, 0.19368199110031137]",COMPLETE
6,0.9884439563751222,2026-07-25 22:33:53.772894,2026-07-25 22:40:48.171194,0 days 00:06:54.398300,0.27388594841887787,0.9845949630100261,0.824777446316616,1.8094505491408697,0.2962321064331392,0.33938308071470213,1.8506908655166625,2.3092886245250703,"{""Prosody"": {""alignment"": 0.9918811768293381, ""uniformity"": -0.03332076380029321, ""effective_rank"": 1.8520937144756318, ""weight_entropy_ratio"": 0.5523735426001566}, ""Vocal_Tract"": {""alignment"": 0.991230908036232, ""uniformity"": -0.03334878101013601, ""effective_rank"": 1.8506908655166625, ""weight_entropy_ratio"": 0.9894036512617909}, ""Timbre"": {""alignment"": 0.9832309305667877, ""uniformity"": -0.23808128908276557, ""effective_rank"": 2.97572066783905, ""weight_entropy_ratio"": 0.9566793743507708}, ""Voice_Quality"": {""alignment"": 0.9915808856487274, ""uniformity"": -0.03424164317548275, ""effective_rank"": 1.8523246049880981, ""weight_entropy_ratio"": 0.6500312379158714}, ""Scene"": {""alignment"": 0.9842958807945251, ""uniformity"": -0.2528092212975025, ""effective_rank"": 3.0156132698059084, ""weight_entropy_ratio"": 0.9527192283901474}}",-0.03332076380029321,0.9832309305667877,1.8506908655166625,-0.03332076380029321,-0.118360339673236,0.8202414069037474,"[0.4166792361997068, 0.6493091344833375]",COMPLETE
7,0.9996402353048325,2026-07-25 22:40:51.857715,2026-07-25 22:47:45.362019,0 days 00:06:53.504304,3.7342669971066234,1.0667284786811646,1.6873159178730126,0.46003289292260346,0.5454857126926345,0.08266909505945748,1.2618682205677032,1.3652874183654786,"{""Prosody"": {""alignment"": 0.9997224420309067, ""uniformity"": -0.001127212811843492, ""effective_rank"": 1.2618682205677032, ""weight_entropy_ratio"": 0.9994005112620533}, ""Vocal_Tract"": {""alignment"": 0.9997059971094131, ""uniformity"": -0.001176320921513252, ""effective_rank"": 1.2632716715335846, ""weight_entropy_ratio"": 0.7501574606783458}, ""Timbre"": {""alignment"": 0.9997275322675705, ""uniformity"": -0.0022884460806380956, ""effective_rank"": 1.2961673617362977, ""weight_entropy_ratio"": 0.9964745664908001}, ""Voice_Quality"": {""alignment"": 0.9997054308652877, ""uniformity"": -0.0011431152728619055, ""effective_rank"": 1.2622337877750396, ""weight_entropy_ratio"": 0.799607856811678}, ""Scene"": {""alignment"": 0.9993397742509842, ""uniformity"": -0.05341357300058007, ""effective_rank"": 1.7428960502147675, ""weight_entropy_ratio"": 0.9615014735631456}}",-0.001127212811843492,0.9993397742509842,1.2618682205677032,-0.001127212811843492,-0.011829733617487365,0.9014283737612047,"[0.44887278718815654, 1.2381317794322968]",COMPLETE
8,0.9963129645586015,2026-07-25 22:47:49.157340,2026-07-25 22:54:43.659240,0 days 00:06:54.501900,0.3626147241206897,3.564059532411873,2.4244832132602934,4.533682875726217,4.115220915289751,0.5693747653761156,1.8752892553806304,1.8936201870441436,"{""Prosody"": {""alignment"": 0.9948088318109513, ""uniformity"": -0.02243806216865778, ""effective_rank"": 1.898789644241333, ""weight_entropy_ratio"": 0.6778067724511612}, ""Vocal_Tract"": {""alignment"": 0.9946338593959808, ""uniformity"": -0.020815401594154535, ""effective_rank"": 1.877472573518753, ""weight_entropy_ratio"": 0.9995120919021738}, ""Timbre"": {""alignment"": 0.9983323097229004, ""uniformity"": -0.023270489135757088, ""effective_rank"": 1.9091064751148223, ""weight_entropy_ratio"": 0.9991383859532265}, ""Voice_Quality"": {""alignment"": 0.994839733839035, ""uniformity"": -0.020645800535567103, ""effective_rank"": 1.8752892553806304, ""weight_entropy_ratio"": 0.9986969029656331}, ""Scene"": {""alignment"": 0.9989500880241394, ""uniformity"": -0.023104274505749346, ""effective_rank"": 1.9074429869651794, ""weight_entropy_ratio"": 0.9993790007704197}}",-0.020645800535567103,0.9946338593959808,1.8752892553806304,-0.020645800535567103,-0.02205480558797717,0.9349066308085231,"[0.42935419946443293, 0.6247107446193696]",COMPLETE
9,0.9184999883174895,2026-07-25 22:54:47.401035,2026-07-25 23:01:43.028712,0 days 00:06:55.627677,3.888256187408813,0.5699310014070047,0.375839377446696,0.2659115519669443,0.23134229110536686,0.6180049798705309,2.039501613378525,3.4167435789108276,"{""Prosody"": {""alignment"": 0.9887667775154114, ""uniformity"": -0.04373048795387149, ""effective_rank"": 2.039501613378525, ""weight_entropy_ratio"": 0.9994181086626455}, ""Vocal_Tract"": {""alignment"": 0.9882558315992356, ""uniformity"": -0.04547512899152935, ""effective_rank"": 2.066233032941818, ""weight_entropy_ratio"": 0.5171032360215851}, ""Timbre"": {""alignment"": 0.813245615363121, ""uniformity"": -1.1260038167238235, ""effective_rank"": 5.495414280891419, ""weight_entropy_ratio"": 0.7029599864299672}, ""Voice_Quality"": {""alignment"": 0.9884269535541534, ""uniformity"": -0.04659539354033768, ""effective_rank"": 2.083336389064789, ""weight_entropy_ratio"": 0.5935970446200999}, ""Scene"": {""alignment"": 0.8138047635555268, ""uniformity"": -1.068986141681671, ""effective_rank"": 5.399232578277588, ""weight_entropy_ratio"": 0.8273072615853131}}",-0.04373048795387149,0.813245615363121,2.039501613378525,-0.04373048795387149,-0.4661581937782467,0.7280771274639222,"[0.40626951204612854, 0.46049838662147513]",COMPLETE
10,0.9888002103567123,2026-07-25 23:01:47.935952,2026-07-25 23:08:50.132592,0 days 00:07:02.196640,0.9177263374530921,2.4816840137338834,4.327779907197654,0.6553762505226247,4.7474227599186,0.9572648098257698,2.484009528160095,2.487878439426422,"{""Prosody"": {""alignment"": 0.9843520313501358, ""uniformity"": -0.06147828735411167, ""effective_rank"": 2.484515368938446, ""weight_entropy_ratio"": 0.9369900324104956}, ""Vocal_Tract"": {""alignment"": 0.9835622638463974, ""uniformity"": -0.06349081434309482, ""effective_rank"": 2.4928469896316527, ""weight_entropy_ratio"": 0.8705522261551438}, ""Timbre"": {""alignment"": 0.9954618573188782, ""uniformity"": -0.06098477598279715, ""effective_rank"": 2.4851327538490295, ""weight_entropy_ratio"": 0.9999123090429235}, ""Voice_Quality"": {""alignment"": 0.9843123972415924, ""uniformity"": -0.0608559699729085, ""effective_rank"": 2.484009528160095, ""weight_entropy_ratio"": 0.9993220422775929}, ""Scene"": {""alignment"": 0.996312502026558, ""uniformity"": -0.06504288408905268, ""effective_rank"": 2.492887556552887, ""weight_entropy_ratio"": 0.9977964201534929}}",-0.0608559699729085,0.9835622638463974,2.484009528160095,-0.0608559699729085,-0.062370546348392966,0.9609146060079297,"[0.3891440300270915, 0.015990471839904874]",COMPLETE
11,0.9852827042341232,2026-07-25 23:08:56.939967,2026-07-25 23:15:49.962391,0 days 00:06:53.022424,1.0153740703820915,2.34053688506828,4.959024013410814,0.7080893705331129,4.932893222304923,0.9829546435399132,2.4574753642082214,2.5057383823394774,"{""Prosody"": {""alignment"": 0.9805736660957336, ""uniformity"": -0.07309660706669092, ""effective_rank"": 2.473114824295044, ""weight_entropy_ratio"": 0.9485152795940417}, ""Vocal_Tract"": {""alignment"": 0.9802472651004791, ""uniformity"": -0.07176826801151037, ""effective_rank"": 2.461262845993042, ""weight_entropy_ratio"": 0.8816522843470995}, ""Timbre"": {""alignment"": 0.9924734205007553, ""uniformity"": -0.07346829399466515, ""effective_rank"": 2.475530505180359, ""weight_entropy_ratio"": 0.9999455300349511}, ""Voice_Quality"": {""alignment"": 0.9816350400447845, ""uniformity"": -0.07114539332687855, ""effective_rank"": 2.4574753642082214, ""weight_entropy_ratio"": 0.999270757766775}, ""Scene"": {""alignment"": 0.9914841294288635, ""uniformity"": -0.0986608138307929, ""effective_rank"": 2.6613083720207213, ""weight_entropy_ratio"": 0.996808911347513}}",-0.07114539332687855,0.9802472651004791,2.4574753642082214,-0.07114539332687855,-0.07762787524610756,0.9652385526180762,"[0.37885460667312143, 0.042524635791778564]",COMPLETE
12,0.9913691943883898,2026-07-25 23:15:53.853581,2026-07-25 23:22:46.868821,0 days 00:06:53.015240,1.1409339883799954,2.151670008738978,4.545673914250093,0.7434913403023583,1.8427033274320548,0.9750850646390663,2.1582982420921324,2.2749769723415376,"{""Prosody"": {""alignment"": 0.9886850327253341, ""uniformity"": -0.046585841197520496, ""effective_rank"": 2.1926738262176513, ""weight_entropy_ratio"": 0.9607513944333428}, ""Vocal_Tract"": {""alignment"": 0.9892513304948807, ""uniformity"": -0.042533150408416986, ""effective_rank"": 2.1582982420921324, ""weight_entropy_ratio"": 0.9005822823390777}, ""Timbre"": {""alignment"": 0.99529068171978, ""uniformity"": -0.04896207833662629, ""effective_rank"": 2.215017181634903, ""weight_entropy_ratio"": 0.9999273399161567}, ""Voice_Quality"": {""alignment"": 0.9889263987541199, ""uniformity"": -0.04406478134915233, ""effective_rank"": 2.170712471008301, ""weight_entropy_ratio"": 0.9822182723652911}, ""Scene"": {""alignment"": 0.9946925282478333, ""uniformity"": -0.11710260119289159, ""effective_rank"": 2.6381831407546996, ""weight_entropy_ratio"": 0.9962878142208751}}",-0.042533150408416986,0.9886850327253341,2.1582982420921324,-0.042533150408416986,-0.059849690496921536,0.9679534206549487,"[0.407466849591583, 0.3417017579078676]",COMPLETE
13,0.9986481434106826,2026-07-25 23:22:50.908451,2026-07-25 23:29:43.343824,0 days 00:06:52.435373,1.0601942004940073,1.8545962698717204,3.217633159338611,0.7388090989646158,2.5894905374813817,0.9673544320309413,1.4097659587860107,1.6403942799568174,"{""Prosody"": {""alignment"": 0.9991911202669144, ""uniformity"": -0.00327714107115753, ""effective_rank"": 1.4237452089786529, ""weight_entropy_ratio"": 0.9551777573138429}, ""Vocal_Tract"": {""alignment"": 0.9992013514041901, ""uniformity"": -0.0032932292204350235, ""effective_rank"": 1.4215448915958404, ""weight_entropy_ratio"": 0.8906894415059545}, ""Timbre"": {""alignment"": 0.9990918695926666, ""uniformity"": -0.006926323554944247, ""effective_rank"": 1.5565840244293212, ""weight_entropy_ratio"": 0.9997157797999421}, ""Voice_Quality"": {""alignment"": 0.999293452501297, ""uniformity"": -0.003007418505148962, ""effective_rank"": 1.4097659587860107, ""weight_entropy_ratio"": 0.992994194264514}, ""Scene"": {""alignment"": 0.9964629232883453, ""uniformity"": -0.18901448585093023, ""effective_rank"": 2.3903313159942625, ""weight_entropy_ratio"": 0.992609520151561}}",-0.003007418505148962,0.9964629232883453,1.4097659587860107,-0.003007418505148962,-0.041103719640523194,0.9662373386071629,"[0.44699258149485105, 1.0902340412139893]",COMPLETE
14,0.996814703345299,2026-07-25 23:29:47.047295,2026-07-25 23:36:39.688255,0 days 00:06:52.640960,1.781284354892946,1.67828863644201,4.936297828338219,0.7435618098164422,2.690650862269831,0.7833278117610676,1.391294813156128,1.673426015377045,"{""Prosody"": {""alignment"": 0.9987434685230255, ""uniformity"": -0.004550137079786509, ""effective_rank"": 1.3915531933307648, ""weight_entropy_ratio"": 0.9909612168687847}, ""Vocal_Tract"": {""alignment"": 0.9989956080913543, ""uniformity"": -0.0042345927795395255, ""effective_rank"": 1.391294813156128, ""weight_entropy_ratio"": 0.8962085312872542}, ""Timbre"": {""alignment"": 0.9994084358215332, ""uniformity"": -0.005259236152051016, ""effective_rank"": 1.4083820760250092, ""weight_entropy_ratio"": 0.9999475383713824}, ""Voice_Quality"": {""alignment"": 0.9987114012241364, ""uniformity"": -0.005815086583606899, ""effective_rank"": 1.4181859850883485, ""weight_entropy_ratio"": 0.9939514053876554}, ""Scene"": {""alignment"": 0.9882146030664444, ""uniformity"": -0.20163562707602978, ""effective_rank"": 2.7577140092849732, ""weight_entropy_ratio"": 0.9907189907788098}}",-0.0042345927795395255,0.9882146030664444,1.391294813156128,-0.0042345927795395255,-0.04429893593420275,0.9743575365387773,"[0.4457654072204605, 1.108705186843872]",COMPLETE
15,0.9862723475694658,2026-07-25 23:36:43.634064,2026-07-25 23:43:38.109628,0 days 00:06:54.475564,0.689145706093776,4.957788257610958,0.6233532354776832,0.530852532069531,4.960084333934818,0.79561912852143,1.794685047864914,2.0224575245380403,"{""Prosody"": {""alignment"": 0.9907071411609649, ""uniformity"": -0.03716252502053976, ""effective_rank"": 1.8461883187294006, ""weight_entropy_ratio"": 0.8769679144302712}, ""Vocal_Tract"": {""alignment"": 0.9909492611885071, ""uniformity"": -0.03443081555888057, ""effective_rank"": 1.794685047864914, ""weight_entropy_ratio"": 0.8151600688626427}, ""Timbre"": {""alignment"": 0.9654395967721939, ""uniformity"": -0.29975014217197893, ""effective_rank"": 2.782597506046295, ""weight_entropy_ratio"": 0.8993307262060247}, ""Voice_Quality"": {""alignment"": 0.9910443544387817, ""uniformity"": -0.03569860672578216, ""effective_rank"": 1.8260651707649231, ""weight_entropy_ratio"": 0.9993017459950911}, ""Scene"": {""alignment"": 0.9932213842868804, ""uniformity"": -0.03758103828877211, ""effective_rank"": 1.862751579284668, ""weight_entropy_ratio"": 0.9998192868125184}}",-0.03443081555888057,0.9654395967721939,1.794685047864914,-0.03443081555888057,-0.08892462555319071,0.9181159484613094,"[0.41556918444111945, 0.7053149521350861]",COMPLETE
16,0.9923135292530059,2026-07-25 23:43:41.951642,2026-07-25 23:50:35.118350,0 days 00:06:53.166708,1.645261725895042,3.0897437093311493,3.0978979623356033,1.0114794417539534,2.9881633618022634,0.8780192051167484,2.2197739124298095,2.2267264604568484,"{""Prosody"": {""alignment"": 0.9890963196754455, ""uniformity"": -0.04317895625717938, ""effective_rank"": 2.224283182621002, ""weight_entropy_ratio"": 0.9877281059599156}, ""Vocal_Tract"": {""alignment"": 0.9894805997610092, ""uniformity"": -0.04249400678090751, ""effective_rank"": 2.22156275510788, ""weight_entropy_ratio"": 0.9442036690034016}, ""Timbre"": {""alignment"": 0.9961761921644211, ""uniformity"": -0.043642714992165564, ""effective_rank"": 2.2303030014038088, ""weight_entropy_ratio"": 0.9996774660350154}, ""Voice_Quality"": {""alignment"": 0.9895428538322448, ""uniformity"": -0.042189636174589394, ""effective_rank"": 2.2197739124298095, ""weight_entropy_ratio"": 0.9959777593013437}, ""Scene"": {""alignment"": 0.9972716808319092, ""uniformity"": -0.04480278617702425, ""effective_rank"": 2.2377094507217405, ""weight_entropy_ratio"": 0.9989582571653429}}",-0.042189636174589394,0.9890963196754455,2.2197739124298095,-0.042189636174589394,-0.043261620076373214,0.985309051493004,"[0.40781036382541064, 0.2802260875701905]",COMPLETE
17,0.9967122584581377,2026-07-25 23:50:39.019681,2026-07-25 23:57:32.930379,0 days 00:06:53.910698,0.7247346372068564,1.4829385013568783,3.0275207034589062,2.8054399969297257,0.8757047382537195,0.7119264734600792,1.5264978587627411,1.7672344410419463,"{""Prosody"": {""alignment"": 0.9976546555757523, ""uniformity"": -0.008246658381540328, ""effective_rank"": 1.5300961971282958, ""weight_entropy_ratio"": 0.8947223479417552}, ""Vocal_Tract"": {""alignment"": 0.997862908244133, ""uniformity"": -0.008116578904446215, ""effective_rank"": 1.5264978587627411, ""weight_entropy_ratio"": 0.9976962680410294}, ""Timbre"": {""alignment"": 0.9980742841958999, ""uniformity"": -0.011616815731395036, ""effective_rank"": 1.5910135507583618, ""weight_entropy_ratio"": 0.9996450219066502}, ""Voice_Quality"": {""alignment"": 0.9963170170783997, ""uniformity"": -0.013498521933797747, ""effective_rank"": 1.6248561501502992, ""weight_entropy_ratio"": 0.8947272508146475}, ""Scene"": {""alignment"": 0.9936524271965027, ""uniformity"": -0.1916340861469507, ""effective_rank"": 2.563708448410034, ""weight_entropy_ratio"": 0.9860600300582917}}",-0.008116578904446215,0.9936524271965027,1.5264978587627411,-0.008116578904446215,-0.04662253221962601,0.9545701837524747,"[0.4418834210955538, 0.9735021412372589]",COMPLETE
18,0.9944555920362473,2026-07-25 23:57:36.787764,2026-07-26 00:04:31.190556,0 days 00:06:54.402792,1.5313995409790833,2.572485612580895,2.1095352088742794,0.5687008580754265,1.7314576683193161,0.9406831013977215,1.852371621131897,2.037434275150299,"{""Prosody"": {""alignment"": 0.9933179974555969, ""uniformity"": -0.02547607054002583, ""effective_rank"": 1.852371621131897, ""weight_entropy_ratio"": 0.9839594194875575}, ""Vocal_Tract"": {""alignment"": 0.9933428823947906, ""uniformity"": -0.027310711843892933, ""effective_rank"": 1.877641314268112, ""weight_entropy_ratio"": 0.8299410624603653}, ""Timbre"": {""alignment"": 0.995335367321968, ""uniformity"": -0.08365202732384205, ""effective_rank"": 2.2527714371681213, ""weight_entropy_ratio"": 0.9985730651432814}, ""Voice_Quality"": {""alignment"": 0.9921860516071319, ""uniformity"": -0.028149755438789725, ""effective_rank"": 1.8872876465320587, ""weight_entropy_ratio"": 0.9757736243391886}, ""Scene"": {""alignment"": 0.9980956614017487, ""uniformity"": -0.09945439454168081, ""effective_rank"": 2.317099356651306, ""weight_entropy_ratio"": 0.9979545205406349}}",-0.02547607054002583,0.9921860516071319,1.852371621131897,-0.02547607054002583,-0.05280859193764627,0.9572403383942054,"[0.4245239294599742, 0.647628378868103]",COMPLETE
19,0.9668469512462614,2026-07-26 00:04:35.101656,2026-07-26 00:11:29.853683,0 days 00:06:54.752027,0.7345571968082936,1.3652875766698092,0.5862892351902813,0.9519925900812587,0.9426635313721553,0.7206418622456339,2.064452850818634,2.730342556238175,"{""Prosody"": {""alignment"": 0.9824957847595215, ""uniformity"": -0.06572208544239402, ""effective_rank"": 2.064452850818634, ""weight_entropy_ratio"": 0.8937964501787594}, ""Vocal_Tract"": {""alignment"": 0.9796483606100083, ""uniformity"": -0.06882884968072175, ""effective_rank"": 2.102281618118286, ""weight_entropy_ratio"": 0.9365330265360161}, ""Timbre"": {""alignment"": 0.9327687114477158, ""uniformity"": -0.5180844232439995, ""effective_rank"": 3.9983139991760255, ""weight_entropy_ratio"": 0.884701974867974}, ""Voice_Quality"": {""alignment"": 0.9794308930635452, ""uniformity"": -0.07290839552879333, ""effective_rank"": 2.1310088694095612, ""weight_entropy_ratio"": 0.9091595995097214}, ""Scene"": {""alignment"": 0.9598910063505173, ""uniformity"": -0.30811372622847555, ""effective_rank"": 3.3556554436683657, ""weight_entropy_ratio"": 0.9826666895803907}}",-0.06572208544239402,0.9327687114477158,2.064452850818634,-0.06572208544239402,-0.20673149602487687,0.9213715481345723,"[0.38427791455760596, 0.43554714918136606]",COMPLETE
20,0.9938357454538345,2026-07-26 00:11:34.899878,2026-07-26 00:18:32.612008,0 days 00:06:57.712130,0.2183134845933546,0.7385810828318653,1.37813550909585,0.20866698773763073,3.4095626344404097,0.23529100476850817,1.7224709153175355,2.04938334941864,"{""Prosody"": {""alignment"": 0.994847196340561, ""uniformity"": -0.020535227889195085, ""effective_rank"": 1.7880878925323487, ""weight_entropy_ratio"": 0.4752236697613683}, ""Vocal_Tract"": {""alignment"": 0.9954730898141861, ""uniformity"": -0.017751715518534182, ""effective_rank"": 1.7249311923980712, ""weight_entropy_ratio"": 0.41681104496943133}, ""Timbre"": {""alignment"": 0.9934887051582336, ""uniformity"": -0.0543806410394609, ""effective_rank"": 2.235817384719849, ""weight_entropy_ratio"": 0.9929236550439569}, ""Voice_Quality"": {""alignment"": 0.9955860674381256, ""uniformity"": -0.017758868727833034, ""effective_rank"": 1.7224709153175355, ""weight_entropy_ratio"": 0.9977597579431674}, ""Scene"": {""alignment"": 0.9897836685180664, ""uniformity"": -0.22870305180549622, ""effective_rank"": 2.7756093621253966, ""weight_entropy_ratio"": 0.9042134380477137}}",-0.017751715518534182,0.9897836685180664,1.7224709153175355,-0.017751715518534182,-0.06782590099610389,0.7573863131531275,"[0.43224828448146585, 0.7775290846824645]",COMPLETE
21,0.9948460823297502,2026-07-26 00:18:38.887831,2026-07-26 00:25:32.009927,0 days 00:06:53.122096,0.5243989116319173,2.6037990534852633,3.7566853940418095,0.30681615855546285,4.989796555460175,0.6578815671696869,1.8997868120670318,1.918249304294586,"{""Prosody"": {""alignment"": 0.9926912695169449, ""uniformity"": -0.028073605615645647, ""effective_rank"": 1.9183162689208983, ""weight_entropy_ratio"": 0.804820367419018}, ""Vocal_Tract"": {""alignment"": 0.9933233201503754, ""uniformity"": -0.028269798122346403, ""effective_rank"": 1.9216897189617157, ""weight_entropy_ratio"": 0.5934134429639173}, ""Timbre"": {""alignment"": 0.9973539739847184, ""uniformity"": -0.027680739713832735, ""effective_rank"": 1.9115334272384643, ""weight_entropy_ratio"": 0.9998373618403995}, ""Voice_Quality"": {""alignment"": 0.9931088507175445, ""uniformity"": -0.02692124145105481, ""effective_rank"": 1.8997868120670318, ""weight_entropy_ratio"": 0.9994105529442093}, ""Scene"": {""alignment"": 0.9977529972791672, ""uniformity"": -0.029582536546513438, ""effective_rank"": 1.9399202942848206, ""weight_entropy_ratio"": 0.9980763270083726}}",-0.02692124145105481,0.9926912695169449,1.8997868120670318,-0.02692124145105481,-0.02810558428987861,0.8791116104351835,"[0.4230787585489452, 0.6002131879329682]",COMPLETE
22,0.930651414990425,2026-07-26 00:25:36.074873,2026-07-26 00:32:28.845259,0 days 00:06:52.770386,0.9214459493103696,3.641633201399157,0.2023279313592614,1.0559723355209834,3.811598400284642,0.8869995519948638,2.076472896337509,2.664530750513077,"{""Prosody"": {""alignment"": 0.9792762875556946, ""uniformity"": -0.07585467956960201, ""effective_rank"": 2.1331188797950746, ""weight_entropy_ratio"": 0.9325236590691899}, ""Vocal_Tract"": {""alignment"": 0.980935400724411, ""uniformity"": -0.07258106861263514, ""effective_rank"": 2.1085562348365783, ""weight_entropy_ratio"": 0.9469731965921149}, ""Timbre"": {""alignment"": 0.7286231696605683, ""uniformity"": -1.1630264073610306, ""effective_rank"": 4.856089496612549, ""weight_entropy_ratio"": 0.3564247117246696}, ""Voice_Quality"": {""alignment"": 0.9815320432186126, ""uniformity"": -0.06831183070316911, ""effective_rank"": 2.076472896337509, ""weight_entropy_ratio"": 0.9984288389656975}, ""Scene"": {""alignment"": 0.982890173792839, ""uniformity"": -0.07740631876513362, ""effective_rank"": 2.148416244983673, ""weight_entropy_ratio"": 0.9994920085378614}}",-0.06831183070316911,0.7286231696605683,2.076472896337509,-0.06831183070316911,-0.29143606100231406,0.8467684829779067,"[0.3816881692968309, 0.423527103662491]",COMPLETE
23,0.9902573317289353,2026-07-26 00:32:32.800625,2026-07-26 00:39:25.843359,0 days 00:06:53.042734,2.2054979021056695,2.592911692232239,4.953203036788418,0.2367124911897378,2.2144266133801884,0.9911209875271939,2.3586084723472593,2.368618595600128,"{""Prosody"": {""alignment"": 0.9876433968544006, ""uniformity"": -0.049492526799440384, ""effective_rank"": 2.3608559012413024, ""weight_entropy_ratio"": 0.9958345862056135}, ""Vocal_Tract"": {""alignment"": 0.9873974829912185, ""uniformity"": -0.05096618738025427, ""effective_rank"": 2.3711779952049254, ""weight_entropy_ratio"": 0.4805831270077472}, ""Timbre"": {""alignment"": 0.9940190583467483, ""uniformity"": -0.04950194153934717, ""effective_rank"": 2.3610002517700197, ""weight_entropy_ratio"": 0.9999501336714698}, ""Voice_Quality"": {""alignment"": 0.9879458397626877, ""uniformity"": -0.04922401271760464, ""effective_rank"": 2.3586084723472593, ""weight_entropy_ratio"": 0.9892469319656045}, ""Scene"": {""alignment"": 0.994280880689621, ""uniformity"": -0.053763261437416075, ""effective_rank"": 2.391450357437134, ""weight_entropy_ratio"": 0.9980171817881995}}",-0.04922401271760464,0.9873974829912185,2.3586084723472593,-0.04922401271760464,-0.050589585974812515,0.892726392127727,"[0.4007759872823954, 0.14139152765274066]",COMPLETE
24,0.987787562608719,2026-07-26 00:39:29.852526,2026-07-26 00:46:23.048125,0 days 00:06:53.195599,2.2653449797565335,2.080605649362572,2.731865255380801,0.4345930604083487,2.195698400889247,0.9948473319328959,2.2244051158428193,2.3126043868064885,"{""Prosody"": {""alignment"": 0.98606758415699, ""uniformity"": -0.05392491836100817, ""effective_rank"": 2.2244051158428193, ""weight_entropy_ratio"": 0.995873768906933}, ""Vocal_Tract"": {""alignment"": 0.981851977109909, ""uniformity"": -0.06786227244883776, ""effective_rank"": 2.310689318180084, ""weight_entropy_ratio"": 0.7343790921061292}, ""Timbre"": {""alignment"": 0.9928583651781082, ""uniformity"": -0.07263349378481507, ""effective_rank"": 2.3312689065933228, ""weight_entropy_ratio"": 0.9994623611186814}, ""Voice_Quality"": {""alignment"": 0.9851709276437759, ""uniformity"": -0.05440611941739917, ""effective_rank"": 2.2251266181468963, ""weight_entropy_ratio"": 0.9892207315192678}, ""Scene"": {""alignment"": 0.9929889589548111, ""uniformity"": -0.10784099772572517, ""effective_rank"": 2.4715319752693174, ""weight_entropy_ratio"": 0.9953329394432672}}",-0.05392491836100817,0.981851977109909,2.2244051158428193,-0.05392491836100817,-0.07133356034755707,0.9428537786188557,"[0.39607508163899185, 0.2755948841571807]",COMPLETE
25,0.99410098195076,2026-07-26 00:46:26.922311,2026-07-26 00:53:19.765132,0 days 00:06:52.842821,1.2497182182702782,3.665061257603494,3.5559159174665846,0.6104703164896039,1.6519321485633984,0.904634444352338,1.9765712022781372,1.9847104310989383,"{""Prosody"": {""alignment"": 0.9922366589307785, ""uniformity"": -0.032559760846197605, ""effective_rank"": 1.9799526274204253, ""weight_entropy_ratio"": 0.9708485072506171}, ""Vocal_Tract"": {""alignment"": 0.992283970117569, ""uniformity"": -0.03202986009418964, ""effective_rank"": 1.9771001160144805, ""weight_entropy_ratio"": 0.8427789474017482}, ""Timbre"": {""alignment"": 0.9967786431312561, ""uniformity"": -0.03372807567939162, ""effective_rank"": 1.9892903566360474, ""weight_entropy_ratio"": 0.9998098551122008}, ""Voice_Quality"": {""alignment"": 0.9918810665607453, ""uniformity"": -0.031975822150707246, ""effective_rank"": 1.9765712022781372, ""weight_entropy_ratio"": 0.974612322500084}, ""Scene"": {""alignment"": 0.9973245710134506, ""uniformity"": -0.03555340124294162, ""effective_rank"": 2.0006378531455993, ""weight_entropy_ratio"": 0.9994862712558501}}",-0.031975822150707246,0.9918810665607453,1.9765712022781372,-0.031975822150707246,-0.03316938400268555,0.9575071807041,"[0.41802417784929274, 0.5234287977218628]",COMPLETE
26,0.9942852586507798,2026-07-26 00:53:23.628871,2026-07-26 01:00:16.445278,0 days 00:06:52.816407,2.4782421194117346,1.3493499540060616,4.572261472978897,0.3011407025533208,3.4680910278108628,0.806239149223763,1.5642776191234589,1.7837969565391538,"{""Prosody"": {""alignment"": 0.9981462895870209, ""uniformity"": -0.007622680999338627, ""effective_rank"": 1.5713980495929718, ""weight_entropy_ratio"": 0.9969937531082828}, ""Vocal_Tract"": {""alignment"": 0.9945832073688508, ""uniformity"": -0.016124757705256343, ""effective_rank"": 1.6898091435432434, ""weight_entropy_ratio"": 0.570660875811403}, ""Timbre"": {""alignment"": 0.9984375298023224, ""uniformity"": -0.0077907523373141885, ""effective_rank"": 1.573954951763153, ""weight_entropy_ratio"": 0.9999275413252546}, ""Voice_Quality"": {""alignment"": 0.9981462866067886, ""uniformity"": -0.00730564808472991, ""effective_rank"": 1.5642776191234589, ""weight_entropy_ratio"": 0.997500394816252}, ""Scene"": {""alignment"": 0.982112979888916, ""uniformity"": -0.2737319342792034, ""effective_rank"": 2.519545018672943, ""weight_entropy_ratio"": 0.9797680040918738}}",-0.00730564808472991,0.982112979888916,1.5642776191234589,-0.00730564808472991,-0.0625151546811685,0.9089701138306132,"[0.4426943519152701, 0.9357223808765411]",COMPLETE
27,0.9927078282833097,2026-07-26 01:00:20.376914,2026-07-26 01:07:14.541345,0 days 00:06:54.164431,0.8461380621229672,2.3181395848914614,2.3472467344164483,1.2783024422849631,2.2934057286122926,0.7485483232524983,2.122901350259781,2.1544535028934475,"{""Prosody"": {""alignment"": 0.9900874674320221, ""uniformity"": -0.03990139882080257, ""effective_rank"": 2.1247147619724274, ""weight_entropy_ratio"": 0.9198278279644084}, ""Vocal_Tract"": {""alignment"": 0.989299088716507, ""uniformity"": -0.03954346082173288, ""effective_rank"": 2.122901350259781, ""weight_entropy_ratio"": 0.9697099962895527}, ""Timbre"": {""alignment"": 0.9967215120792389, ""uniformity"": -0.04693252849392593, ""effective_rank"": 2.169529378414154, ""weight_entropy_ratio"": 0.9990115039762267}, ""Voice_Quality"": {""alignment"": 0.9894926071166992, ""uniformity"": -0.03987227040342987, ""effective_rank"": 2.124513190984726, ""weight_entropy_ratio"": 0.9897052412446739}, ""Scene"": {""alignment"": 0.9979384660720825, ""uniformity"": -0.057569282874464986, ""effective_rank"": 2.2306088328361513, ""weight_entropy_ratio"": 0.9970078287269384}}",-0.03954346082173288,0.989299088716507,2.122901350259781,-0.03954346082173288,-0.04476378828287124,0.9750524796403599,"[0.41045653917826713, 0.3770986497402191]",COMPLETE
28,0.9953597182035446,2026-07-26 01:07:18.719096,2026-07-26 01:14:11.898193,0 days 00:06:53.179097,1.3427376353696288,3.095247772093133,4.9089621597102555,3.2433464993637076,1.35473689038523,0.8693568542215422,2.265117716789246,2.273531353473664,"{""Prosody"": {""alignment"": 0.9946925491094589, ""uniformity"": -0.022225197264924647, ""effective_rank"": 2.2658681631088258, ""weight_entropy_ratio"": 0.9778434826179783}, ""Vocal_Tract"": {""alignment"": 0.9946496188640594, ""uniformity"": -0.022150786127895117, ""effective_rank"": 2.265117716789246, ""weight_entropy_ratio"": 0.9984315148294239}, ""Timbre"": {""alignment"": 0.9963977634906769, ""uniformity"": -0.02240546718239784, ""effective_rank"": 2.270099377632141, ""weight_entropy_ratio"": 0.9999463299167962}, ""Voice_Quality"": {""alignment"": 0.9944744855165482, ""uniformity"": -0.022267069853842258, ""effective_rank"": 2.2678382396698, ""weight_entropy_ratio"": 0.954531283023892}, ""Scene"": {""alignment"": 0.9965841740369796, ""uniformity"": -0.023931305296719073, ""effective_rank"": 2.2987332701683045, ""weight_entropy_ratio"": 0.998971308474873}}",-0.022150786127895117,0.9944744855165482,2.265117716789246,-0.022150786127895117,-0.022595965145155782,0.9859447837725928,"[0.4278492138721049, 0.23488228321075422]",COMPLETE
29,0.9794418466091155,2026-07-26 01:14:15.939495,2026-07-26 01:21:09.565335,0 days 00:06:53.625840,4.9594438354427055,0.48246701757634225,3.8096390952273462,0.8432390463643361,3.504100103588054,0.9403679288842598,1.6508414149284363,2.002080036401749,"{""Prosody"": {""alignment"": 0.9918906509876251, ""uniformity"": -0.03445153534412384, ""effective_rank"": 1.6524342477321625, ""weight_entropy_ratio"": 0.999787320311442}, ""Vocal_Tract"": {""alignment"": 0.9913811355829238, ""uniformity"": -0.034195960499346256, ""effective_rank"": 1.6508414149284363, ""weight_entropy_ratio"": 0.9190979760625593}, ""Timbre"": {""alignment"": 0.9944883912801743, ""uniformity"": -0.03551133032888174, ""effective_rank"": 1.6630709886550903, ""weight_entropy_ratio"": 0.9998517712227031}, ""Voice_Quality"": {""alignment"": 0.991499724984169, ""uniformity"": -0.03497038949280977, ""effective_rank"": 1.6552803754806518, ""weight_entropy_ratio"": 0.9976787396949847}, ""Scene"": {""alignment"": 0.9279493302106857, ""uniformity"": -0.5451967641711235, ""effective_rank"": 3.3887731552124025, ""weight_entropy_ratio"": 0.7629286676993015}}",-0.034195960499346256,0.9279493302106857,1.6508414149284363,-0.034195960499346256,-0.13686519596725705,0.9358688949981981,"[0.41580403950065375, 0.8491585850715637]",COMPLETE
