trial_number,alignment,max_group_uniformity,min_group_rank,min_group_alignment,uniformity,effective_rank,uniformity_avg,effective_rank_avg,weight_entropy_ratio,tau,sigma_scale,feasible,group_Prosody_alignment,group_Prosody_uniformity,group_Prosody_effective_rank,group_Prosody_entropy_ratio,group_Vocal_Tract_alignment,group_Vocal_Tract_uniformity,group_Vocal_Tract_effective_rank,group_Vocal_Tract_entropy_ratio,group_Timbre_alignment,group_Timbre_uniformity,group_Timbre_effective_rank,group_Timbre_entropy_ratio,group_Voice_Quality_alignment,group_Voice_Quality_uniformity,group_Voice_Quality_effective_rank,group_Voice_Quality_entropy_ratio,group_Scene_alignment,group_Scene_uniformity,group_Scene_effective_rank,group_Scene_entropy_ratio,sigma_scale_Prosody,sigma_scale_Vocal_Tract,sigma_scale_Timbre,sigma_scale_Voice_Quality,sigma_scale_Scene
0,0.9823310947418212,-0.019453965802676977,1.7104999780654908,0.9287783890962601,-0.019453965802676977,1.7104999780654908,-0.1313249765848741,2.1751319849491115,0.8616127034950309,0.40581311290499433,,False,0.9956388175487518,-0.019453965802676977,1.7104999780654908,0.9996368216791012,0.9945657670497894,-0.0203379264799878,1.7202290892601013,0.9936106269489076,0.9979079514741898,-0.037127070920541884,1.8617421567440033,0.9930022218556933,0.9947645485401153,-0.021283008554019035,1.729886269569397,0.6916515618946313,0.9287783890962601,-0.5584229111671448,3.8533024311065676,0.630162285096821,4.266498147616723,2.1101513838453085,1.3737845955327985,0.33047202013078175,0.33044636340245687
1,0.9996390122175216,-0.0020128579228185116,1.2327426970005035,0.9994941651821136,-0.0020128579228185116,1.2327426970005035,-0.0020830926613416524,1.2342304301261904,0.9115087333697328,0.10517943155978948,,False,0.9995117604732513,-0.0020128579228185116,1.2327426970005035,0.9989512481287435,0.9994941651821136,-0.0020671819162089377,1.2338538467884064,0.9772443998887143,0.999824795126915,-0.0022041079588234424,1.2367761850357055,0.9978625571466289,0.9995039612054825,-0.002051309944363311,1.2335214495658875,0.5837471988747881,0.9998603790998459,-0.0020800055644940585,1.234257972240448,0.9997382628097897,3.2500667782303387,1.3846905247421057,1.9537679506141499,0.21370067001013646,4.538431478276444
2,0.9426071417331696,-0.03556810123845935,1.7973467350006103,0.7866672843694686,-0.03556810123845935,1.7973467350006103,-0.2988691074308008,2.742498174905777,0.7628357536543546,0.8408205087604007,,False,0.9910081326961517,-0.03720207409933209,1.810614687204361,0.714963280984156,0.9903245359659195,-0.036311147687956694,1.8048522353172303,0.6713121203006475,0.7866672843694686,-1.0135655462741853,4.884873747825623,0.6736950172308871,0.9908174335956573,-0.03556810123845935,1.7973467350006103,0.7903855097420415,0.9542183220386505,-0.3716986678540707,3.4148034691810607,0.963822840014041,0.39615699970476376,0.3590958547948703,0.36092627369617003,0.5325279408645577,1.0829490041084235
3,0.9466335552930832,-0.040487847710028294,2.0860449373722076,0.8585705310106277,-0.040487847710028294,2.0860449373722076,-0.31719653779640794,3.192769298553467,0.8079265698799774,0.46034776771000996,,False,0.9896995514631272,-0.04077785676345229,2.0860449373722076,0.794342792816205,0.9897542417049408,-0.040487847710028294,2.08659964799881,0.9784721408346018,0.8585705310106277,-0.8090415000915527,5.063148665428161,0.6136587632092774,0.9889834851026535,-0.04279882716946304,2.1084074079990387,0.7794533807011951,0.9061599671840668,-0.6528766572475433,4.619645833969116,0.8737057718386065,0.5106823667399514,1.433387578475623,0.31335313528540565,0.5121895201455046,0.6504020089889654
4,0.9926188701391219,-0.008815714344382285,1.4269158124923706,0.9723426312208175,-0.008815714344382285,1.4269158124923706,-0.08489599695429205,1.6953500056266784,0.81809142981226,0.4832664850061841,,False,0.9978233337402344,-0.008815714344382285,1.4269158124923706,0.9972312719799172,0.9974503815174103,-0.010882300138473511,1.467528873682022,0.6937069935274807,0.9977482348680496,-0.011891205538995564,1.4860510528087616,0.9805552432002009,0.9977297693490982,-0.00925039646681398,1.4362545013427734,0.9584728763293455,0.9723426312208175,-0.38364036828279496,2.6599997878074646,0.46049076402435585,2.50414161703258,0.3803312094071718,1.0468847921574105,1.3464493568065974,0.23225490039051538
5,0.9910269176959992,-0.046677295491099356,2.3063180088996886,0.9879502266645431,-0.046677295491099356,2.3063180088996886,-0.04751300150528549,2.31643620967865,0.8290782057449466,0.6271676093063665,,False,0.9879502266645431,-0.0471408030949533,2.310985732078552,0.6533145802537045,0.9886560529470444,-0.04801513645797968,2.3239979982376098,0.4947514010416557,0.9949312895536423,-0.0470077695325017,2.309657645225525,0.9998988146333779,0.9883248001337052,-0.046677295491099356,2.3063180088996886,0.9990518893775866,0.9952722191810608,-0.04872400294989347,2.3312216639518737,0.9983743434184078,0.34626810531118907,0.24658588892768893,4.241456837579218,4.476366617757313,2.6984911090750465
6,0.9884439563751222,-0.03332076380029321,1.8506908655166625,0.9832309305667877,-0.03332076380029321,1.8506908655166625,-0.118360339673236,2.3092886245250703,0.8202414069037474,0.33938308071470213,,False,0.9918811768293381,-0.03332076380029321,1.8520937144756318,0.5523735426001566,0.991230908036232,-0.03334878101013601,1.8506908655166625,0.9894036512617909,0.9832309305667877,-0.23808128908276557,2.97572066783905,0.9566793743507708,0.9915808856487274,-0.03424164317548275,1.8523246049880981,0.6500312379158714,0.9842958807945251,-0.2528092212975025,3.0156132698059084,0.9527192283901474,0.27388594841887787,1.8094505491408697,0.824777446316616,0.2962321064331392,0.9845949630100261
7,0.9996402353048325,-0.001127212811843492,1.2618682205677032,0.9993397742509842,-0.001127212811843492,1.2618682205677032,-0.011829733617487365,1.3652874183654786,0.9014283737612047,0.08266909505945748,,False,0.9997224420309067,-0.001127212811843492,1.2618682205677032,0.9994005112620533,0.9997059971094131,-0.001176320921513252,1.2632716715335846,0.7501574606783458,0.9997275322675705,-0.0022884460806380956,1.2961673617362977,0.9964745664908001,0.9997054308652877,-0.0011431152728619055,1.2622337877750396,0.799607856811678,0.9993397742509842,-0.05341357300058007,1.7428960502147675,0.9615014735631456,3.7342669971066234,0.46003289292260346,1.6873159178730126,0.5454857126926345,1.0667284786811646
8,0.9963129645586015,-0.020645800535567103,1.8752892553806304,0.9946338593959808,-0.020645800535567103,1.8752892553806304,-0.02205480558797717,1.8936201870441436,0.9349066308085231,0.5693747653761156,,False,0.9948088318109513,-0.02243806216865778,1.898789644241333,0.6778067724511612,0.9946338593959808,-0.020815401594154535,1.877472573518753,0.9995120919021738,0.9983323097229004,-0.023270489135757088,1.9091064751148223,0.9991383859532265,0.994839733839035,-0.020645800535567103,1.8752892553806304,0.9986969029656331,0.9989500880241394,-0.023104274505749346,1.9074429869651794,0.9993790007704197,0.3626147241206897,4.533682875726217,2.4244832132602934,4.115220915289751,3.564059532411873
9,0.9184999883174895,-0.04373048795387149,2.039501613378525,0.813245615363121,-0.04373048795387149,2.039501613378525,-0.4661581937782467,3.4167435789108276,0.7280771274639222,0.6180049798705309,,False,0.9887667775154114,-0.04373048795387149,2.039501613378525,0.9994181086626455,0.9882558315992356,-0.04547512899152935,2.066233032941818,0.5171032360215851,0.813245615363121,-1.1260038167238235,5.495414280891419,0.7029599864299672,0.9884269535541534,-0.04659539354033768,2.083336389064789,0.5935970446200999,0.8138047635555268,-1.068986141681671,5.399232578277588,0.8273072615853131,3.888256187408813,0.2659115519669443,0.375839377446696,0.23134229110536686,0.5699310014070047
10,0.9888002103567123,-0.0608559699729085,2.484009528160095,0.9835622638463974,-0.0608559699729085,2.484009528160095,-0.062370546348392966,2.487878439426422,0.9609146060079297,0.9572648098257698,,False,0.9843520313501358,-0.06147828735411167,2.484515368938446,0.9369900324104956,0.9835622638463974,-0.06349081434309482,2.4928469896316527,0.8705522261551438,0.9954618573188782,-0.06098477598279715,2.4851327538490295,0.9999123090429235,0.9843123972415924,-0.0608559699729085,2.484009528160095,0.9993220422775929,0.996312502026558,-0.06504288408905268,2.492887556552887,0.9977964201534929,0.9177263374530921,0.6553762505226247,4.327779907197654,4.7474227599186,2.4816840137338834
11,0.9852827042341232,-0.07114539332687855,2.4574753642082214,0.9802472651004791,-0.07114539332687855,2.4574753642082214,-0.07762787524610756,2.5057383823394774,0.9652385526180762,0.9829546435399132,,False,0.9805736660957336,-0.07309660706669092,2.473114824295044,0.9485152795940417,0.9802472651004791,-0.07176826801151037,2.461262845993042,0.8816522843470995,0.9924734205007553,-0.07346829399466515,2.475530505180359,0.9999455300349511,0.9816350400447845,-0.07114539332687855,2.4574753642082214,0.999270757766775,0.9914841294288635,-0.0986608138307929,2.6613083720207213,0.996808911347513,1.0153740703820915,0.7080893705331129,4.959024013410814,4.932893222304923,2.34053688506828
12,0.9913691943883898,-0.042533150408416986,2.1582982420921324,0.9886850327253341,-0.042533150408416986,2.1582982420921324,-0.059849690496921536,2.2749769723415376,0.9679534206549487,0.9750850646390663,,False,0.9886850327253341,-0.046585841197520496,2.1926738262176513,0.9607513944333428,0.9892513304948807,-0.042533150408416986,2.1582982420921324,0.9005822823390777,0.99529068171978,-0.04896207833662629,2.215017181634903,0.9999273399161567,0.9889263987541199,-0.04406478134915233,2.170712471008301,0.9822182723652911,0.9946925282478333,-0.11710260119289159,2.6381831407546996,0.9962878142208751,1.1409339883799954,0.7434913403023583,4.545673914250093,1.8427033274320548,2.151670008738978
13,0.9986481434106826,-0.003007418505148962,1.4097659587860107,0.9964629232883453,-0.003007418505148962,1.4097659587860107,-0.041103719640523194,1.6403942799568174,0.9662373386071629,0.9673544320309413,,False,0.9991911202669144,-0.00327714107115753,1.4237452089786529,0.9551777573138429,0.9992013514041901,-0.0032932292204350235,1.4215448915958404,0.8906894415059545,0.9990918695926666,-0.006926323554944247,1.5565840244293212,0.9997157797999421,0.999293452501297,-0.003007418505148962,1.4097659587860107,0.992994194264514,0.9964629232883453,-0.18901448585093023,2.3903313159942625,0.992609520151561,1.0601942004940073,0.7388090989646158,3.217633159338611,2.5894905374813817,1.8545962698717204
14,0.996814703345299,-0.0042345927795395255,1.391294813156128,0.9882146030664444,-0.0042345927795395255,1.391294813156128,-0.04429893593420275,1.673426015377045,0.9743575365387773,0.7833278117610676,,False,0.9987434685230255,-0.004550137079786509,1.3915531933307648,0.9909612168687847,0.9989956080913543,-0.0042345927795395255,1.391294813156128,0.8962085312872542,0.9994084358215332,-0.005259236152051016,1.4083820760250092,0.9999475383713824,0.9987114012241364,-0.005815086583606899,1.4181859850883485,0.9939514053876554,0.9882146030664444,-0.20163562707602978,2.7577140092849732,0.9907189907788098,1.781284354892946,0.7435618098164422,4.936297828338219,2.690650862269831,1.67828863644201
15,0.9862723475694658,-0.03443081555888057,1.794685047864914,0.9654395967721939,-0.03443081555888057,1.794685047864914,-0.08892462555319071,2.0224575245380403,0.9181159484613094,0.79561912852143,,False,0.9907071411609649,-0.03716252502053976,1.8461883187294006,0.8769679144302712,0.9909492611885071,-0.03443081555888057,1.794685047864914,0.8151600688626427,0.9654395967721939,-0.29975014217197893,2.782597506046295,0.8993307262060247,0.9910443544387817,-0.03569860672578216,1.8260651707649231,0.9993017459950911,0.9932213842868804,-0.03758103828877211,1.862751579284668,0.9998192868125184,0.689145706093776,0.530852532069531,0.6233532354776832,4.960084333934818,4.957788257610958
16,0.9923135292530059,-0.042189636174589394,2.2197739124298095,0.9890963196754455,-0.042189636174589394,2.2197739124298095,-0.043261620076373214,2.2267264604568484,0.985309051493004,0.8780192051167484,,False,0.9890963196754455,-0.04317895625717938,2.224283182621002,0.9877281059599156,0.9894805997610092,-0.04249400678090751,2.22156275510788,0.9442036690034016,0.9961761921644211,-0.043642714992165564,2.2303030014038088,0.9996774660350154,0.9895428538322448,-0.042189636174589394,2.2197739124298095,0.9959777593013437,0.9972716808319092,-0.04480278617702425,2.2377094507217405,0.9989582571653429,1.645261725895042,1.0114794417539534,3.0978979623356033,2.9881633618022634,3.0897437093311493
17,0.9967122584581377,-0.008116578904446215,1.5264978587627411,0.9936524271965027,-0.008116578904446215,1.5264978587627411,-0.04662253221962601,1.7672344410419463,0.9545701837524747,0.7119264734600792,,False,0.9976546555757523,-0.008246658381540328,1.5300961971282958,0.8947223479417552,0.997862908244133,-0.008116578904446215,1.5264978587627411,0.9976962680410294,0.9980742841958999,-0.011616815731395036,1.5910135507583618,0.9996450219066502,0.9963170170783997,-0.013498521933797747,1.6248561501502992,0.8947272508146475,0.9936524271965027,-0.1916340861469507,2.563708448410034,0.9860600300582917,0.7247346372068564,2.8054399969297257,3.0275207034589062,0.8757047382537195,1.4829385013568783
18,0.9944555920362473,-0.02547607054002583,1.852371621131897,0.9921860516071319,-0.02547607054002583,1.852371621131897,-0.05280859193764627,2.037434275150299,0.9572403383942054,0.9406831013977215,,False,0.9933179974555969,-0.02547607054002583,1.852371621131897,0.9839594194875575,0.9933428823947906,-0.027310711843892933,1.877641314268112,0.8299410624603653,0.995335367321968,-0.08365202732384205,2.2527714371681213,0.9985730651432814,0.9921860516071319,-0.028149755438789725,1.8872876465320587,0.9757736243391886,0.9980956614017487,-0.09945439454168081,2.317099356651306,0.9979545205406349,1.5313995409790833,0.5687008580754265,2.1095352088742794,1.7314576683193161,2.572485612580895
19,0.9668469512462614,-0.06572208544239402,2.064452850818634,0.9327687114477158,-0.06572208544239402,2.064452850818634,-0.20673149602487687,2.730342556238175,0.9213715481345723,0.7206418622456339,,False,0.9824957847595215,-0.06572208544239402,2.064452850818634,0.8937964501787594,0.9796483606100083,-0.06882884968072175,2.102281618118286,0.9365330265360161,0.9327687114477158,-0.5180844232439995,3.9983139991760255,0.884701974867974,0.9794308930635452,-0.07290839552879333,2.1310088694095612,0.9091595995097214,0.9598910063505173,-0.30811372622847555,3.3556554436683657,0.9826666895803907,0.7345571968082936,0.9519925900812587,0.5862892351902813,0.9426635313721553,1.3652875766698092
20,0.9938357454538345,-0.017751715518534182,1.7224709153175355,0.9897836685180664,-0.017751715518534182,1.7224709153175355,-0.06782590099610389,2.04938334941864,0.7573863131531275,0.23529100476850817,,False,0.994847196340561,-0.020535227889195085,1.7880878925323487,0.4752236697613683,0.9954730898141861,-0.017751715518534182,1.7249311923980712,0.41681104496943133,0.9934887051582336,-0.0543806410394609,2.235817384719849,0.9929236550439569,0.9955860674381256,-0.017758868727833034,1.7224709153175355,0.9977597579431674,0.9897836685180664,-0.22870305180549622,2.7756093621253966,0.9042134380477137,0.2183134845933546,0.20866698773763073,1.37813550909585,3.4095626344404097,0.7385810828318653
21,0.9948460823297502,-0.02692124145105481,1.8997868120670318,0.9926912695169449,-0.02692124145105481,1.8997868120670318,-0.02810558428987861,1.918249304294586,0.8791116104351835,0.6578815671696869,,False,0.9926912695169449,-0.028073605615645647,1.9183162689208983,0.804820367419018,0.9933233201503754,-0.028269798122346403,1.9216897189617157,0.5934134429639173,0.9973539739847184,-0.027680739713832735,1.9115334272384643,0.9998373618403995,0.9931088507175445,-0.02692124145105481,1.8997868120670318,0.9994105529442093,0.9977529972791672,-0.029582536546513438,1.9399202942848206,0.9980763270083726,0.5243989116319173,0.30681615855546285,3.7566853940418095,4.989796555460175,2.6037990534852633
22,0.930651414990425,-0.06831183070316911,2.076472896337509,0.7286231696605683,-0.06831183070316911,2.076472896337509,-0.29143606100231406,2.664530750513077,0.8467684829779067,0.8869995519948638,,False,0.9792762875556946,-0.07585467956960201,2.1331188797950746,0.9325236590691899,0.980935400724411,-0.07258106861263514,2.1085562348365783,0.9469731965921149,0.7286231696605683,-1.1630264073610306,4.856089496612549,0.3564247117246696,0.9815320432186126,-0.06831183070316911,2.076472896337509,0.9984288389656975,0.982890173792839,-0.07740631876513362,2.148416244983673,0.9994920085378614,0.9214459493103696,1.0559723355209834,0.2023279313592614,3.811598400284642,3.641633201399157
23,0.9902573317289353,-0.04922401271760464,2.3586084723472593,0.9873974829912185,-0.04922401271760464,2.3586084723472593,-0.050589585974812515,2.368618595600128,0.892726392127727,0.9911209875271939,,False,0.9876433968544006,-0.049492526799440384,2.3608559012413024,0.9958345862056135,0.9873974829912185,-0.05096618738025427,2.3711779952049254,0.4805831270077472,0.9940190583467483,-0.04950194153934717,2.3610002517700197,0.9999501336714698,0.9879458397626877,-0.04922401271760464,2.3586084723472593,0.9892469319656045,0.994280880689621,-0.053763261437416075,2.391450357437134,0.9980171817881995,2.2054979021056695,0.2367124911897378,4.953203036788418,2.2144266133801884,2.592911692232239
24,0.987787562608719,-0.05392491836100817,2.2244051158428193,0.981851977109909,-0.05392491836100817,2.2244051158428193,-0.07133356034755707,2.3126043868064885,0.9428537786188557,0.9948473319328959,,False,0.98606758415699,-0.05392491836100817,2.2244051158428193,0.995873768906933,0.981851977109909,-0.06786227244883776,2.310689318180084,0.7343790921061292,0.9928583651781082,-0.07263349378481507,2.3312689065933228,0.9994623611186814,0.9851709276437759,-0.05440611941739917,2.2251266181468963,0.9892207315192678,0.9929889589548111,-0.10784099772572517,2.4715319752693174,0.9953329394432672,2.2653449797565335,0.4345930604083487,2.731865255380801,2.195698400889247,2.080605649362572
25,0.99410098195076,-0.031975822150707246,1.9765712022781372,0.9918810665607453,-0.031975822150707246,1.9765712022781372,-0.03316938400268555,1.9847104310989383,0.9575071807041,0.904634444352338,,False,0.9922366589307785,-0.032559760846197605,1.9799526274204253,0.9708485072506171,0.992283970117569,-0.03202986009418964,1.9771001160144805,0.8427789474017482,0.9967786431312561,-0.03372807567939162,1.9892903566360474,0.9998098551122008,0.9918810665607453,-0.031975822150707246,1.9765712022781372,0.974612322500084,0.9973245710134506,-0.03555340124294162,2.0006378531455993,0.9994862712558501,1.2497182182702782,0.6104703164896039,3.5559159174665846,1.6519321485633984,3.665061257603494
26,0.9942852586507798,-0.00730564808472991,1.5642776191234589,0.982112979888916,-0.00730564808472991,1.5642776191234589,-0.0625151546811685,1.7837969565391538,0.9089701138306132,0.806239149223763,,False,0.9981462895870209,-0.007622680999338627,1.5713980495929718,0.9969937531082828,0.9945832073688508,-0.016124757705256343,1.6898091435432434,0.570660875811403,0.9984375298023224,-0.0077907523373141885,1.573954951763153,0.9999275413252546,0.9981462866067886,-0.00730564808472991,1.5642776191234589,0.997500394816252,0.982112979888916,-0.2737319342792034,2.519545018672943,0.9797680040918738,2.4782421194117346,0.3011407025533208,4.572261472978897,3.4680910278108628,1.3493499540060616
27,0.9927078282833097,-0.03954346082173288,2.122901350259781,0.989299088716507,-0.03954346082173288,2.122901350259781,-0.04476378828287124,2.1544535028934475,0.9750524796403599,0.7485483232524983,,False,0.9900874674320221,-0.03990139882080257,2.1247147619724274,0.9198278279644084,0.989299088716507,-0.03954346082173288,2.122901350259781,0.9697099962895527,0.9967215120792389,-0.04693252849392593,2.169529378414154,0.9990115039762267,0.9894926071166992,-0.03987227040342987,2.124513190984726,0.9897052412446739,0.9979384660720825,-0.057569282874464986,2.2306088328361513,0.9970078287269384,0.8461380621229672,1.2783024422849631,2.3472467344164483,2.2934057286122926,2.3181395848914614
28,0.9953597182035446,-0.022150786127895117,2.265117716789246,0.9944744855165482,-0.022150786127895117,2.265117716789246,-0.022595965145155782,2.273531353473664,0.9859447837725928,0.8693568542215422,,False,0.9946925491094589,-0.022225197264924647,2.2658681631088258,0.9778434826179783,0.9946496188640594,-0.022150786127895117,2.265117716789246,0.9984315148294239,0.9963977634906769,-0.02240546718239784,2.270099377632141,0.9999463299167962,0.9944744855165482,-0.022267069853842258,2.2678382396698,0.954531283023892,0.9965841740369796,-0.023931305296719073,2.2987332701683045,0.998971308474873,1.3427376353696288,3.2433464993637076,4.9089621597102555,1.35473689038523,3.095247772093133
29,0.9794418466091155,-0.034195960499346256,1.6508414149284363,0.9279493302106857,-0.034195960499346256,1.6508414149284363,-0.13686519596725705,2.002080036401749,0.9358688949981981,0.9403679288842598,,False,0.9918906509876251,-0.03445153534412384,1.6524342477321625,0.999787320311442,0.9913811355829238,-0.034195960499346256,1.6508414149284363,0.9190979760625593,0.9944883912801743,-0.03551133032888174,1.6630709886550903,0.9998517712227031,0.991499724984169,-0.03497038949280977,1.6552803754806518,0.9976787396949847,0.9279493302106857,-0.5451967641711235,3.3887731552124025,0.7629286676993015,4.9594438354427055,0.8432390463643361,3.8096390952273462,3.504100103588054,0.48246701757634225
