number,value,datetime_start,datetime_complete,duration,params_sigma_scale,params_tau,user_attrs_effective_rank,user_attrs_effective_rank_avg,user_attrs_group_breakdown,user_attrs_max_group_uniformity,user_attrs_min_group_alignment,user_attrs_min_group_rank,user_attrs_uniformity,user_attrs_uniformity_avg,user_attrs_weight_entropy_ratio,system_attrs_constraints,state
0,0.9878366216023763,2026-07-25 15:03:52.132682,2026-07-25 15:18:08.934783,0 days 00:14:16.802101,4.266498147616723,0.40581311290499433,1.9468949516614278,2.5180514597892762,"{""Prosody"": {""alignment"": 0.9948312699794769, ""uniformity"": -0.021260377174864214, ""effective_rank"": 2.0262956460316977, ""weight_entropy_ratio"": 0.9451409252804165}, ""Vocal_Tract"": {""alignment"": 0.9951940953731537, ""uniformity"": -0.019490637785444655, ""effective_rank"": 2.0008244434992473, ""weight_entropy_ratio"": 0.9423666952688178}, ""Timbre"": {""alignment"": 0.9840662141640981, ""uniformity"": -0.22489643692970276, ""effective_rank"": 3.2513576984405517, ""weight_entropy_ratio"": 0.9765122874095162}, ""Voice_Quality"": {""alignment"": 0.9956530491511028, ""uniformity"": -0.017164570465683936, ""effective_rank"": 1.9468949516614278, ""weight_entropy_ratio"": 0.9196837840141036}, ""Scene"": {""alignment"": 0.9694384793440501, ""uniformity"": -0.378324689467748, ""effective_rank"": 3.3648845593134564, ""weight_entropy_ratio"": 0.9569009953309605}}",-0.017164570465683936,0.9694384793440501,1.9468949516614278,-0.017164570465683936,-0.13222734236468872,0.9481209374607629,"[0.4328354295343161, 0.5531050483385722]",COMPLETE
1,0.9707448192437489,2026-07-25 15:18:11.611243,2026-07-25 15:31:54.342182,0 days 00:13:42.730939,1.3737845955327985,0.7453942447208348,1.915333898862203,2.7845170410474145,"{""Prosody"": {""alignment"": 0.9927012006441752, ""uniformity"": -0.029678166719774406, ""effective_rank"": 1.9488864143689473, ""weight_entropy_ratio"": 0.9502110080056876}, ""Vocal_Tract"": {""alignment"": 0.9921604255835216, ""uniformity"": -0.028685034221659102, ""effective_rank"": 1.9400752941767374, ""weight_entropy_ratio"": 0.9511414144551992}, ""Timbre"": {""alignment"": 0.9475335439046224, ""uniformity"": -0.5568841606378555, ""effective_rank"": 4.082392160097758, ""weight_entropy_ratio"": 0.9759697795367029}, ""Voice_Quality"": {""alignment"": 0.9927195608615875, ""uniformity"": -0.026784792348432045, ""effective_rank"": 1.915333898862203, ""weight_entropy_ratio"": 0.9162214043338779}, ""Scene"": {""alignment"": 0.9286093652248383, ""uniformity"": -0.7086788594722748, ""effective_rank"": 4.035897437731425, ""weight_entropy_ratio"": 0.9530262640913951}}",-0.026784792348432045,0.9286093652248383,1.915333898862203,-0.026784792348432045,-0.2701422026799991,0.9493139740845727,"[0.42321520765156795, 0.5846661011377969]",COMPLETE
2,0.9936622468630475,2026-07-25 15:31:54.483312,2026-07-25 15:45:54.300093,0 days 00:13:59.816781,0.33044636340245687,0.19821770842031466,1.6491977016131083,2.0960517358779907,"{""Prosody"": {""alignment"": 0.9968067427476247, ""uniformity"": -0.012731714919209481, ""effective_rank"": 1.6491977016131083, ""weight_entropy_ratio"": 0.9501727498680357}, ""Vocal_Tract"": {""alignment"": 0.9966195960839589, ""uniformity"": -0.013441536451379459, ""effective_rank"": 1.6756317853927611, ""weight_entropy_ratio"": 0.9394021336599006}, ""Timbre"": {""alignment"": 0.9897046367327372, ""uniformity"": -0.13830540478229522, ""effective_rank"": 2.704148451487223, ""weight_entropy_ratio"": 0.975482753156667}, ""Voice_Quality"": {""alignment"": 0.9967453996340434, ""uniformity"": -0.01289970576763153, ""effective_rank"": 1.65666264295578, ""weight_entropy_ratio"": 0.9177350972848488}, ""Scene"": {""alignment"": 0.9884348591168721, ""uniformity"": -0.19335908343394598, ""effective_rank"": 2.794618097941081, ""weight_entropy_ratio"": 0.9523431381411196}}",-0.012731714919209481,0.9884348591168721,1.6491977016131083,-0.012731714919209481,-0.07414748907089233,0.9470271744221144,"[0.4372682850807905, 0.8508022983868917]",COMPLETE
3,0.9990556478500366,2026-07-25 15:45:57.396260,2026-07-25 16:00:51.946214,0 days 00:14:54.549954,3.2500667782303387,0.10517943155978948,1.387858521938324,1.5794265071551008,"{""Prosody"": {""alignment"": 0.9994772454102834, ""uniformity"": -0.002236895162301759, ""effective_rank"": 1.3934714357058207, ""weight_entropy_ratio"": 0.9479535553751267}, ""Vocal_Tract"": {""alignment"": 0.9994280914465586, ""uniformity"": -0.002244155896672358, ""effective_rank"": 1.3947012702624002, ""weight_entropy_ratio"": 0.9438912643110637}, ""Timbre"": {""alignment"": 0.9981672962506613, ""uniformity"": -0.04302352030451099, ""effective_rank"": 1.8217899084091187, ""weight_entropy_ratio"": 0.9769213435323815}, ""Voice_Quality"": {""alignment"": 0.9994415005048116, ""uniformity"": -0.002248197828885168, ""effective_rank"": 1.387858521938324, ""weight_entropy_ratio"": 0.9130147528258997}, ""Scene"": {""alignment"": 0.9987641056378682, ""uniformity"": -0.06655204979081948, ""effective_rank"": 1.899311399459839, ""weight_entropy_ratio"": 0.9540628687626648}}",-0.002236895162301759,0.9981672962506613,1.387858521938324,-0.002236895162301759,-0.023260963796637956,0.9471687569614271,"[0.44776310483769827, 1.112141478061676]",COMPLETE
4,0.9773356719811759,2026-07-25 16:00:53.212338,2026-07-25 16:16:33.022441,0 days 00:15:39.810103,1.9537679506141499,0.6210592611560484,2.011331681410472,2.727262143294017,"{""Prosody"": {""alignment"": 0.994668443997701, ""uniformity"": -0.024327639893939098, ""effective_rank"": 2.0141213059425356, ""weight_entropy_ratio"": 0.9459299271978937}, ""Vocal_Tract"": {""alignment"": 0.9938873648643494, ""uniformity"": -0.02429472878575325, ""effective_rank"": 2.011331681410472, ""weight_entropy_ratio"": 0.9454026822983216}, ""Timbre"": {""alignment"": 0.9564623177051544, ""uniformity"": -0.4486923853556315, ""effective_rank"": 3.739933244387309, ""weight_entropy_ratio"": 0.9771385757124236}, ""Voice_Quality"": {""alignment"": 0.9936011175314585, ""uniformity"": -0.02447373013322552, ""effective_rank"": 2.0303652405738832, ""weight_entropy_ratio"": 0.9166622255487217}, ""Scene"": {""alignment"": 0.9480591158072154, ""uniformity"": -0.5525728215773901, ""effective_rank"": 3.840559244155884, ""weight_entropy_ratio"": 0.9556794127080079}}",-0.02429472878575325,0.9480591158072154,2.011331681410472,-0.02429472878575325,-0.2148722611491879,0.9481625646930738,"[0.4257052712142468, 0.4886683185895282]",COMPLETE
5,0.9994429886341093,2026-07-25 16:16:34.820969,2026-07-25 16:32:20.832054,0 days 00:15:46.011085,4.538431478276444,0.06955526958101232,1.2248207966486613,1.4276991248130801,"{""Prosody"": {""alignment"": 0.9997843702634176, ""uniformity"": -0.0008891870209481567, ""effective_rank"": 1.2248207966486613, ""weight_entropy_ratio"": 0.948401126672016}, ""Vocal_Tract"": {""alignment"": 0.9997939705848694, ""uniformity"": -0.0009162973709559689, ""effective_rank"": 1.2270054936408996, ""weight_entropy_ratio"": 0.940954742684909}, ""Timbre"": {""alignment"": 0.9985226353009542, ""uniformity"": -0.03506213715299964, ""effective_rank"": 1.6944093227386474, ""weight_entropy_ratio"": 0.9781561692830528}, ""Voice_Quality"": {""alignment"": 0.9997749586900075, ""uniformity"": -0.001043990582305317, ""effective_rank"": 1.236199967066447, ""weight_entropy_ratio"": 0.9165082722708104}, ""Scene"": {""alignment"": 0.9993390083312989, ""uniformity"": -0.04733420815318823, ""effective_rank"": 1.756060043970744, ""weight_entropy_ratio"": 0.9557939953027754}}",-0.0008891870209481567,0.9985226353009542,1.2248207966486613,-0.0008891870209481567,-0.01704916405607946,0.9479628612427126,"[0.44911081297905187, 1.2751792033513387]",COMPLETE
6,0.9289956764380138,2026-07-25 16:32:22.418875,2026-07-25 16:47:46.162109,0 days 00:15:23.743234,0.39615699970476376,0.8408205087604007,3.131518069903056,3.9912833611170453,"{""Prosody"": {""alignment"": 0.9099676728248596, ""uniformity"": -0.6323313643534978, ""effective_rank"": 3.732727328936259, ""weight_entropy_ratio"": 0.9467709904898514}, ""Vocal_Tract"": {""alignment"": 0.9425254901250203, ""uniformity"": -0.21697919170061747, ""effective_rank"": 3.1742525180180867, ""weight_entropy_ratio"": 0.9479472253749136}, ""Timbre"": {""alignment"": 0.920084536075592, ""uniformity"": -0.8134949843088786, ""effective_rank"": 4.814502636591594, ""weight_entropy_ratio"": 0.9759131164438858}, ""Voice_Quality"": {""alignment"": 0.9458889742692311, ""uniformity"": -0.1895534330358108, ""effective_rank"": 3.131518069903056, ""weight_entropy_ratio"": 0.9137514842870716}, ""Scene"": {""alignment"": 0.9265117088953654, ""uniformity"": -0.8069719930489858, ""effective_rank"": 5.10341625213623, ""weight_entropy_ratio"": 0.9554436950091615}}",-0.1895534330358108,0.9099676728248596,3.131518069903056,-0.1895534330358108,-0.5318661932895581,0.9479653023209768,"[0.2604465669641892, -0.631518069903056]",COMPLETE
7,0.9940973285833995,2026-07-25 16:47:47.805241,2026-07-25 17:02:45.404168,0 days 00:14:57.598927,0.36092627369617003,0.2227337188467456,1.5192259907722474,2.0010419082641597,"{""Prosody"": {""alignment"": 0.9983062247435252, ""uniformity"": -0.0070108787156641485, ""effective_rank"": 1.5234038352966308, ""weight_entropy_ratio"": 0.9489616443545266}, ""Vocal_Tract"": {""alignment"": 0.9982227782408396, ""uniformity"": -0.007093244899685184, ""effective_rank"": 1.5231805205345155, ""weight_entropy_ratio"": 0.9466887963961746}, ""Timbre"": {""alignment"": 0.9887390037377676, ""uniformity"": -0.14566711137692134, ""effective_rank"": 2.7160170157750447, ""weight_entropy_ratio"": 0.978135337827806}, ""Voice_Quality"": {""alignment"": 0.9982516010602315, ""uniformity"": -0.006880906550213695, ""effective_rank"": 1.5192259907722474, ""weight_entropy_ratio"": 0.9176249284265936}, ""Scene"": {""alignment"": 0.9869670351346334, ""uniformity"": -0.19689781392614047, ""effective_rank"": 2.7233821789423627, ""weight_entropy_ratio"": 0.9589576296638503}}",-0.006880906550213695,0.9869670351346334,1.5192259907722474,-0.006880906550213695,-0.07270999109372497,0.9500736673337902,"[0.44311909344978634, 0.9807740092277526]",COMPLETE
8,0.9905218656857808,2026-07-25 17:02:47.161404,2026-07-25 17:18:53.751061,0 days 00:16:06.589657,1.0829490041084235,0.3390301308115608,1.5605572541554769,2.0927851883570354,"{""Prosody"": {""alignment"": 0.9958200772603353, ""uniformity"": -0.017148682909707228, ""effective_rank"": 1.570897142092387, ""weight_entropy_ratio"": 0.9509728580586142}, ""Vocal_Tract"": {""alignment"": 0.9957468787829081, ""uniformity"": -0.016802464487651984, ""effective_rank"": 1.5622724374135335, ""weight_entropy_ratio"": 0.9477161573489508}, ""Timbre"": {""alignment"": 0.982595580816269, ""uniformity"": -0.22851647511124612, ""effective_rank"": 2.9205464919408164, ""weight_entropy_ratio"": 0.9767258616167082}, ""Voice_Quality"": {""alignment"": 0.9956373949845632, ""uniformity"": -0.016604764806106686, ""effective_rank"": 1.5605572541554769, ""weight_entropy_ratio"": 0.9163609520658497}, ""Scene"": {""alignment"": 0.9828093965848287, ""uniformity"": -0.2789198795954386, ""effective_rank"": 2.849652616182963, ""weight_entropy_ratio"": 0.956874578130071}}",-0.016604764806106686,0.982595580816269,1.5605572541554769,-0.016604764806106686,-0.11159845338203016,0.949730081444039,"[0.43339523519389334, 0.9394427458445231]",COMPLETE
9,0.9864831499258677,2026-07-25 17:18:55.127239,2026-07-25 17:36:01.105482,0 days 00:17:05.978243,0.5106823667399514,0.46034776771000996,1.4973560571670532,2.320734407107035,"{""Prosody"": {""alignment"": 0.998702488342921, ""uniformity"": -0.005476673226803541, ""effective_rank"": 1.5122069358825683, ""weight_entropy_ratio"": 0.9488264739136114}, ""Vocal_Tract"": {""alignment"": 0.998790729045868, ""uniformity"": -0.004666407879752418, ""effective_rank"": 1.4973560571670532, ""weight_entropy_ratio"": 0.9428009006743477}, ""Timbre"": {""alignment"": 0.9690430343151093, ""uniformity"": -0.31338604936997094, ""effective_rank"": 3.5500372012456256, ""weight_entropy_ratio"": 0.9767081683070215}, ""Voice_Quality"": {""alignment"": 0.9985439002513885, ""uniformity"": -0.0056329603306949135, ""effective_rank"": 1.5251272042592368, ""weight_entropy_ratio"": 0.9218825287699602}, ""Scene"": {""alignment"": 0.967335597674052, ""uniformity"": -0.39141926864782967, ""effective_rank"": 3.5189446369806925, ""weight_entropy_ratio"": 0.954103572582217}}",-0.004666407879752418,0.967335597674052,1.4973560571670532,-0.004666407879752418,-0.1441162718910103,0.9488643288494317,"[0.4453335921202476, 1.0026439428329468]",COMPLETE
10,,2026-07-25 17:36:02.643211,2026-07-25 17:44:32.651909,0 days 00:08:30.008698,0.20389834356419753,0.9790962703771402,,,,,,,,,,,FAIL
11,0.9372107410430909,2026-07-25 17:48:39.731919,2026-07-25 18:04:04.500611,0 days 00:15:24.768692,0.20389834356419753,0.9790962703771402,2.879287354151408,3.5436041673024494,"{""Prosody"": {""alignment"": 0.9449143846829732, ""uniformity"": -0.32091518534968294, ""effective_rank"": 3.039425015449524, ""weight_entropy_ratio"": 0.9487686560753011}, ""Vocal_Tract"": {""alignment"": 0.9582356770833333, ""uniformity"": -0.15010103384653728, ""effective_rank"": 2.879287354151408, ""weight_entropy_ratio"": 0.9442008281760333}, ""Timbre"": {""alignment"": 0.9157978455225627, ""uniformity"": -0.8385063727696737, ""effective_rank"": 4.462959941228231, ""weight_entropy_ratio"": 0.9774602490596193}, ""Voice_Quality"": {""alignment"": 0.9545974552631378, ""uniformity"": -0.1577793188393116, ""effective_rank"": 2.9093015750249225, ""weight_entropy_ratio"": 0.9162309338614715}, ""Scene"": {""alignment"": 0.912508342663447, ""uniformity"": -0.818642791112264, ""effective_rank"": 4.427046950658163, ""weight_entropy_ratio"": 0.9534429085417887}}",-0.15010103384653728,0.912508342663447,2.879287354151408,-0.15010103384653728,-0.45718894038349395,0.9480207151428427,"[0.29989896615346273, -0.3792873541514079]",COMPLETE
12,0.909639525016149,2026-07-25 18:04:08.025727,2026-07-25 18:20:12.547714,0 days 00:16:04.521987,0.20343939366095032,0.9710602552484724,2.682516821225484,3.439550687472026,"{""Prosody"": {""alignment"": 0.9442070325215658, ""uniformity"": -0.5238376537958781, ""effective_rank"": 2.9439417839050295, ""weight_entropy_ratio"": 0.9475091720965266}, ""Vocal_Tract"": {""alignment"": 0.8794787486394247, ""uniformity"": -0.41029947698116304, ""effective_rank"": 2.7277349710464476, ""weight_entropy_ratio"": 0.9392398746544368}, ""Timbre"": {""alignment"": 0.9279158055782318, ""uniformity"": -0.5897380501031876, ""effective_rank"": 4.370348914464315, ""weight_entropy_ratio"": 0.9768840291402159}, ""Voice_Quality"": {""alignment"": 0.8832561016082764, ""uniformity"": -0.3676340878009796, ""effective_rank"": 2.682516821225484, ""weight_entropy_ratio"": 0.9121578453515904}, ""Scene"": {""alignment"": 0.9133399367332459, ""uniformity"": -0.7102097779512405, ""effective_rank"": 4.473210946718852, ""weight_entropy_ratio"": 0.9538816657929264}}",-0.3676340878009796,0.8794787486394247,2.682516821225484,-0.3676340878009796,-0.5203438093264897,0.9459345174071392,"[0.0823659121990204, -0.18251682122548418]",COMPLETE
13,0.9251958799362181,2026-07-25 18:20:14.729036,2026-07-25 18:35:44.422830,0 days 00:15:29.693794,0.6049732796878032,0.9835501556719358,3.2777148962020872,4.039636741479238,"{""Prosody"": {""alignment"": 0.9048576573530833, ""uniformity"": -0.553602755566438, ""effective_rank"": 3.8313223203023274, ""weight_entropy_ratio"": 0.9502149767240031}, ""Vocal_Tract"": {""alignment"": 0.956932665904363, ""uniformity"": -0.1548369187861681, ""effective_rank"": 3.2777148962020872, ""weight_entropy_ratio"": 0.9417132973013611}, ""Timbre"": {""alignment"": 0.9152748286724091, ""uniformity"": -0.8099028845628102, ""effective_rank"": 4.751597468058268, ""weight_entropy_ratio"": 0.9779980957504573}, ""Voice_Quality"": {""alignment"": 0.9385363320509593, ""uniformity"": -0.20852776188403369, ""effective_rank"": 3.4028795917828876, ""weight_entropy_ratio"": 0.9148823906160619}, ""Scene"": {""alignment"": 0.9103779157002767, ""uniformity"": -0.8524196058511734, ""effective_rank"": 4.934669431050619, ""weight_entropy_ratio"": 0.9516294651443605}}",-0.1548369187861681,0.9048576573530833,3.2777148962020872,-0.1548369187861681,-0.5158579853301247,0.9472876451072489,"[0.29516308121383195, -0.7777148962020872]",COMPLETE
14,0.9768825952212016,2026-07-25 18:35:46.261625,2026-07-25 18:51:48.157019,0 days 00:16:01.895394,0.20855553702968993,0.8282223945664462,1.5000440001487731,2.2385059158007308,"{""Prosody"": {""alignment"": 0.9986603895823161, ""uniformity"": -0.005513240148623784, ""effective_rank"": 1.511613392829895, ""weight_entropy_ratio"": 0.9490937169317013}, ""Vocal_Tract"": {""alignment"": 0.9985885560512543, ""uniformity"": -0.004993221443146467, ""effective_rank"": 1.5000440001487731, ""weight_entropy_ratio"": 0.9456358507334459}, ""Timbre"": {""alignment"": 0.9512956122557322, ""uniformity"": -0.49515845576922096, ""effective_rank"": 3.320298441251119, ""weight_entropy_ratio"": 0.9765764889571328}, ""Voice_Quality"": {""alignment"": 0.9986099620660146, ""uniformity"": -0.005300971306860447, ""effective_rank"": 1.5058633089065552, ""weight_entropy_ratio"": 0.9141713973193932}, ""Scene"": {""alignment"": 0.9372584561506907, ""uniformity"": -0.5951535791158676, ""effective_rank"": 3.3547104358673097, ""weight_entropy_ratio"": 0.9558386524951883}}",-0.004993221443146467,0.9372584561506907,1.5000440001487731,-0.004993221443146467,-0.22122389355674385,0.9482632212873724,"[0.44500677855685355, 0.9999559998512269]",COMPLETE
15,0.9618163212140401,2026-07-25 18:51:49.859574,2026-07-25 19:07:55.855958,0 days 00:16:05.996384,0.6787251700569357,0.8078648239180193,2.3020395914713543,3.1416048002243047,"{""Prosody"": {""alignment"": 0.9868930379549662, ""uniformity"": -0.052193604161341986, ""effective_rank"": 2.3311049540837607, ""weight_entropy_ratio"": 0.9476687590746276}, ""Vocal_Tract"": {""alignment"": 0.986655459801356, ""uniformity"": -0.04960697572678328, ""effective_rank"": 2.3020395914713543, ""weight_entropy_ratio"": 0.9405451878347546}, ""Timbre"": {""alignment"": 0.9370373209317525, ""uniformity"": -0.7431926310062409, ""effective_rank"": 4.241496769587199, ""weight_entropy_ratio"": 0.977876118564532}, ""Voice_Quality"": {""alignment"": 0.9858824829260509, ""uniformity"": -0.05360475505391757, ""effective_rank"": 2.347577770551046, ""weight_entropy_ratio"": 0.9140731384524481}, ""Scene"": {""alignment"": 0.912613304456075, ""uniformity"": -0.8436002492904663, ""effective_rank"": 4.485804915428162, ""weight_entropy_ratio"": 0.9541115905824871}}",-0.04960697572678328,0.912613304456075,2.3020395914713543,-0.04960697572678328,-0.3484396430477501,0.9468549589017698,"[0.4003930242732167, 0.19796040852864571]",COMPLETE
16,0.9758788621425627,2026-07-25 19:07:58.146218,2026-07-25 19:24:00.882698,0 days 00:16:02.736480,0.31503254348559023,0.6413768800003867,1.7188430984814962,2.7281798219680775,"{""Prosody"": {""alignment"": 0.9979059398174286, ""uniformity"": -0.008673762056666116, ""effective_rank"": 1.7378544886906941, ""weight_entropy_ratio"": 0.9526830629889295}, ""Vocal_Tract"": {""alignment"": 0.9979538957277934, ""uniformity"": -0.008091334556229412, ""effective_rank"": 1.7188430984814962, ""weight_entropy_ratio"": 0.9429420788609197}, ""Timbre"": {""alignment"": 0.9515649815400441, ""uniformity"": -0.5815239618221919, ""effective_rank"": 4.16730568408966, ""weight_entropy_ratio"": 0.9777365976871064}, ""Voice_Quality"": {""alignment"": 0.9977485994497935, ""uniformity"": -0.00906536658294499, ""effective_rank"": 1.7514971534411112, ""weight_entropy_ratio"": 0.9173885547095433}, ""Scene"": {""alignment"": 0.9342208941777547, ""uniformity"": -0.6900118112564086, ""effective_rank"": 4.265398685137431, ""weight_entropy_ratio"": 0.9531517496319843}}",-0.008091334556229412,0.9342208941777547,1.7188430984814962,-0.008091334556229412,-0.25947324725488824,0.9487804087756967,"[0.4419086654437706, 0.7811569015185038]",COMPLETE
17,0.9208684690793355,2026-07-25 19:24:02.925480,2026-07-25 19:40:16.813396,0 days 00:16:13.887916,0.2754850296100013,0.884598734483647,2.8305800994237265,3.251647806167603,"{""Prosody"": {""alignment"": 0.953401364882787, ""uniformity"": -0.3876443952322006, ""effective_rank"": 2.8581809043884276, ""weight_entropy_ratio"": 0.9471863727765659}, ""Vocal_Tract"": {""alignment"": 0.89579562942187, ""uniformity"": -0.37618517130613327, ""effective_rank"": 2.8305800994237265, ""weight_entropy_ratio"": 0.9407103989221359}, ""Timbre"": {""alignment"": 0.9485623776912689, ""uniformity"": -0.4644209653139114, ""effective_rank"": 3.730346369743347, ""weight_entropy_ratio"": 0.9776886699945833}, ""Voice_Quality"": {""alignment"": 0.8817304968833923, ""uniformity"": -0.3575415735443433, ""effective_rank"": 2.869862429300944, ""weight_entropy_ratio"": 0.9156512266874055}, ""Scene"": {""alignment"": 0.9248524765173595, ""uniformity"": -0.6170159578323364, ""effective_rank"": 3.9692692279815676, ""weight_entropy_ratio"": 0.956445246824705}}",-0.3575415735443433,0.8817304968833923,2.8305800994237265,-0.3575415735443433,-0.44056161264578503,0.9475363830410791,"[0.09245842645565672, -0.33058009942372646]",COMPLETE
18,0.9268963011105854,2026-07-25 19:40:18.466399,2026-07-25 19:56:08.314943,0 days 00:15:49.848544,0.26739046927879323,0.9040533898269949,3.334109139442444,4.000541623433431,"{""Prosody"": {""alignment"": 0.9550505975882212, ""uniformity"": -0.3718274967124065, ""effective_rank"": 3.432276169459025, ""weight_entropy_ratio"": 0.9499422477057284}, ""Vocal_Tract"": {""alignment"": 0.920090917746226, ""uniformity"": -0.2832286403824886, ""effective_rank"": 3.334109139442444, ""weight_entropy_ratio"": 0.9417407445659218}, ""Timbre"": {""alignment"": 0.9250674287478129, ""uniformity"": -0.7572972357273102, ""effective_rank"": 4.860595003763835, ""weight_entropy_ratio"": 0.9767757995638442}, ""Voice_Quality"": {""alignment"": 0.9206843316555023, ""uniformity"": -0.2614368379116058, ""effective_rank"": 3.33550177415212, ""weight_entropy_ratio"": 0.9156916024978561}, ""Scene"": {""alignment"": 0.9135882298151652, ""uniformity"": -0.826189782222112, ""effective_rank"": 5.040226030349731, ""weight_entropy_ratio"": 0.9553136940684201}}",-0.2614368379116058,0.9135882298151652,3.334109139442444,-0.2614368379116058,-0.49999599859118465,0.9478928176803539,"[0.1885631620883942, -0.834109139442444]",COMPLETE
19,0.9774553406238555,2026-07-25 19:56:10.063148,2026-07-25 20:11:41.056644,0 days 00:15:30.993496,0.7813152171625447,0.7053959021822073,1.7670256892840068,2.603743863900503,"{""Prosody"": {""alignment"": 0.9945346117019653, ""uniformity"": -0.020228837570175528, ""effective_rank"": 1.8081210136413575, ""weight_entropy_ratio"": 0.9494792081901365}, ""Vocal_Tract"": {""alignment"": 0.9955308814843495, ""uniformity"": -0.016781580230842034, ""effective_rank"": 1.7670256892840068, ""weight_entropy_ratio"": 0.938810936576357}, ""Timbre"": {""alignment"": 0.9700599531332652, ""uniformity"": -0.36627011746168137, ""effective_rank"": 3.4808663527170816, ""weight_entropy_ratio"": 0.9766008959034093}, ""Voice_Quality"": {""alignment"": 0.9949413617451985, ""uniformity"": -0.019578210776671767, ""effective_rank"": 1.7984029134114583, ""weight_entropy_ratio"": 0.9110588556509477}, ""Scene"": {""alignment"": 0.9322098950544994, ""uniformity"": -0.6372389286756516, ""effective_rank"": 4.164303350448608, ""weight_entropy_ratio"": 0.9575380945069593}}",-0.016781580230842034,0.9322098950544994,1.7670256892840068,-0.016781580230842034,-0.2120195349430044,0.9466975981655619,"[0.433218419769158, 0.7329743107159932]",COMPLETE
20,0.952508579492569,2026-07-25 20:11:42.873885,2026-07-25 20:28:06.811645,0 days 00:16:23.937760,0.49752198301132544,0.5697580484969016,2.6416216293970742,3.7999482011795047,"{""Prosody"": {""alignment"": 0.920514976978302, ""uniformity"": -0.660447038213412, ""effective_rank"": 4.262227400143941, ""weight_entropy_ratio"": 0.9519355494273947}, ""Vocal_Tract"": {""alignment"": 0.9747649212678273, ""uniformity"": -0.10245387988785902, ""effective_rank"": 2.7667742649714153, ""weight_entropy_ratio"": 0.9413430958707135}, ""Timbre"": {""alignment"": 0.950384630759557, ""uniformity"": -0.6180235882600148, ""effective_rank"": 4.447107712427775, ""weight_entropy_ratio"": 0.9764557278985209}, ""Voice_Quality"": {""alignment"": 0.9799609462420146, ""uniformity"": -0.07602033788959185, ""effective_rank"": 2.6416216293970742, ""weight_entropy_ratio"": 0.9116242186608944}, ""Scene"": {""alignment"": 0.9369174222151438, ""uniformity"": -0.7115181942780813, ""effective_rank"": 4.882009998957316, ""weight_entropy_ratio"": 0.9539338671946843}}",-0.07602033788959185,0.920514976978302,2.6416216293970742,-0.07602033788959185,-0.4336926077057919,0.9470584918104415,"[0.3739796621104082, -0.14162162939707423]",COMPLETE
21,0.9742866122722625,2026-07-25 20:28:08.462773,2026-07-25 20:44:33.836291,0 days 00:16:25.373518,0.25208152749975354,0.91053357851586,1.6372700770696005,2.473085803985595,"{""Prosody"": {""alignment"": 0.9964455684026082, ""uniformity"": -0.014547647008051475, ""effective_rank"": 1.6497294584910074, ""weight_entropy_ratio"": 0.9503858464479387}, ""Vocal_Tract"": {""alignment"": 0.9959591686725616, ""uniformity"": -0.014111136101807158, ""effective_rank"": 1.6372700770696005, ""weight_entropy_ratio"": 0.9374134298202074}, ""Timbre"": {""alignment"": 0.9585131446520487, ""uniformity"": -0.49179894775152205, ""effective_rank"": 3.462574100494385, ""weight_entropy_ratio"": 0.977253779798121}, ""Voice_Quality"": {""alignment"": 0.9966311752796173, ""uniformity"": -0.01400675120142599, ""effective_rank"": 1.6390769084294636, ""weight_entropy_ratio"": 0.9145746566966085}, ""Scene"": {""alignment"": 0.9238840043544769, ""uniformity"": -0.7759224553902944, ""effective_rank"": 3.9767784754435223, ""weight_entropy_ratio"": 0.9528171170479889}}",-0.01400675120142599,0.9238840043544769,1.6372700770696005,-0.01400675120142599,-0.26207738749062026,0.9464889659621728,"[0.43599324879857404, 0.8627299229303995]",COMPLETE
22,0.9655000670750937,2026-07-25 20:44:34.919033,2026-07-25 21:00:24.788927,0 days 00:15:49.869894,0.24851629372709214,0.9050550572552165,1.91379447778066,2.855134278138478,"{""Prosody"": {""alignment"": 0.9947343329588573, ""uniformity"": -0.021032784429068366, ""effective_rank"": 1.9442521373430888, ""weight_entropy_ratio"": 0.9524271123075836}, ""Vocal_Tract"": {""alignment"": 0.9953999618689219, ""uniformity"": -0.018748198465133706, ""effective_rank"": 1.91379447778066, ""weight_entropy_ratio"": 0.9425613255117351}, ""Timbre"": {""alignment"": 0.9244135717550913, ""uniformity"": -0.7347247918446859, ""effective_rank"": 4.148152875900268, ""weight_entropy_ratio"": 0.9776380875383346}, ""Voice_Quality"": {""alignment"": 0.9951433340708414, ""uniformity"": -0.02124414234422147, ""effective_rank"": 1.9482536315917969, ""weight_entropy_ratio"": 0.9150265266390972}, ""Scene"": {""alignment"": 0.917809134721756, ""uniformity"": -0.7789593398571014, ""effective_rank"": 4.321218268076579, ""weight_entropy_ratio"": 0.955169425690835}}",-0.018748198465133706,0.917809134721756,1.91379447778066,-0.018748198465133706,-0.3149418513880422,0.9485644955375169,"[0.4312518015348663, 0.5862055222193401]",COMPLETE
23,0.9759875945250194,2026-07-25 21:00:26.672998,2026-07-25 21:15:49.163348,0 days 00:15:22.490350,0.28119011842135794,0.9134253311457754,1.4177556912104288,2.1095318873723348,"{""Prosody"": {""alignment"": 0.9976103842258454, ""uniformity"": -0.009749156958423554, ""effective_rank"": 1.4182475487391153, ""weight_entropy_ratio"": 0.9475190123695852}, ""Vocal_Tract"": {""alignment"": 0.9974866926670074, ""uniformity"": -0.009718338415647546, ""effective_rank"": 1.4177556912104288, ""weight_entropy_ratio"": 0.9432436055438005}, ""Timbre"": {""alignment"": 0.9471285084883372, ""uniformity"": -0.4826457460721334, ""effective_rank"": 3.1147112607955934, ""weight_entropy_ratio"": 0.9771473533127194}, ""Voice_Quality"": {""alignment"": 0.9975625554720561, ""uniformity"": -0.01001804075203836, ""effective_rank"": 1.421722173690796, ""weight_entropy_ratio"": 0.9179516331648675}, ""Scene"": {""alignment"": 0.9401498317718506, ""uniformity"": -0.5693387220303218, ""effective_rank"": 3.1752227624257405, ""weight_entropy_ratio"": 0.9569932368613395}}",-0.009718338415647546,0.9401498317718506,1.4177556912104288,-0.009718338415647546,-0.2162940008457129,0.9485709682504624,"[0.44028166158435245, 1.0822443087895712]",COMPLETE
24,0.9434071334203085,2026-07-25 21:15:50.923718,2026-07-25 21:30:22.632016,0 days 00:14:31.708298,0.43020757318635783,0.9964029116006139,2.470927155017853,3.1634728376070655,"{""Prosody"": {""alignment"": 0.9540692746639252, ""uniformity"": -0.2864261331657569, ""effective_rank"": 2.5899762789408367, ""weight_entropy_ratio"": 0.950729413923144}, ""Vocal_Tract"": {""alignment"": 0.966543420155843, ""uniformity"": -0.1262148711209496, ""effective_rank"": 2.4779578685760497, ""weight_entropy_ratio"": 0.9428619564036765}, ""Timbre"": {""alignment"": 0.9117554446061452, ""uniformity"": -0.7641898612181346, ""effective_rank"": 4.152021201451619, ""weight_entropy_ratio"": 0.9745825523172633}, ""Voice_Quality"": {""alignment"": 0.9728833397229513, ""uniformity"": -0.0988172856469949, ""effective_rank"": 2.470927155017853, ""weight_entropy_ratio"": 0.9133703703196929}, ""Scene"": {""alignment"": 0.9117841879526775, ""uniformity"": -0.8041652580102284, ""effective_rank"": 4.12648168404897, ""weight_entropy_ratio"": 0.9540489427621958}}",-0.0988172856469949,0.9117554446061452,2.470927155017853,-0.0988172856469949,-0.4159626818324129,0.9471186471451943,"[0.3511827143530051, 0.029072844982147128]",COMPLETE
25,0.9638169980049135,2026-07-25 21:30:24.640147,2026-07-25 21:44:09.551252,0 days 00:13:44.911105,0.2008158933017014,0.7293682450975568,2.465974255402883,3.0797036099433894,"{""Prosody"": {""alignment"": 0.98327996134758, ""uniformity"": -0.1005528778458635, ""effective_rank"": 2.506887169679006, ""weight_entropy_ratio"": 0.9493220093484794}, ""Vocal_Tract"": {""alignment"": 0.978255053361257, ""uniformity"": -0.08589881596465905, ""effective_rank"": 2.493544900417328, ""weight_entropy_ratio"": 0.9420303746847655}, ""Timbre"": {""alignment"": 0.9552751183509827, ""uniformity"": -0.4684433509906133, ""effective_rank"": 3.7972173849741617, ""weight_entropy_ratio"": 0.9778062200167235}, ""Voice_Quality"": {""alignment"": 0.974491435289383, ""uniformity"": -0.08750481562068065, ""effective_rank"": 2.465974255402883, ""weight_entropy_ratio"": 0.9052013554264345}, ""Scene"": {""alignment"": 0.9277834216753642, ""uniformity"": -0.6776996344327927, ""effective_rank"": 4.134894339243571, ""weight_entropy_ratio"": 0.9560583188480397}}",-0.08589881596465905,0.9277834216753642,2.465974255402883,-0.08589881596465905,-0.2840198989709218,0.9460836556648883,"[0.364101184035341, 0.03402574459711705]",COMPLETE
